{
    "duration": 0.23225000500679016,
    "lossless": 1.0,
    "codec": "pcm_s16le",
    "bitrate": 256000.0,
    "samplerate": 16000.0,
    "channels": 1.0,
    "audio_md5": "1f0d832879e1656a18da2a8cbb604ff9",
    "loudness": -10.173890113830566,
    "dynamic_range": 0.0,
    "temporal_centroid": 0.3922683894634247,
    "log_attack_time": -1.515393614768982,
    "filesize": 7476,
    "single_event": true,
    "hardness": 71.66971412882643,
    "depth": 39.79969743393824,
    "brightness": 72.99745096905644,
    "roughness": 69.75488789543749,
    "warmth": 33.523490875758654,
    "sharpness": 58.1714110748688,
    "boominess": 24.93461384506562,
    "reverb": false
}