{
    "duration": 0.3018749952316284,
    "lossless": 1.0,
    "codec": "pcm_s16le",
    "bitrate": 256000.0,
    "samplerate": 16000.0,
    "channels": 1.0,
    "audio_md5": "6a73502e2a8acc02506e1a60d30e0a07",
    "loudness": -19.064489364624023,
    "dynamic_range": 0.0,
    "temporal_centroid": 0.4679640233516693,
    "log_attack_time": -1.814491868019104,
    "filesize": 9704,
    "single_event": true,
    "hardness": 68.72075354608785,
    "depth": 41.887150536109175,
    "brightness": 67.8033941337824,
    "roughness": 67.90316242425126,
    "warmth": 40.911643417333735,
    "sharpness": 53.35906550265645,
    "boominess": 29.404546731311594,
    "reverb": false
}