{
    "duration": 0.1457500010728836,
    "lossless": 1.0,
    "codec": "pcm_s16le",
    "bitrate": 256000.0,
    "samplerate": 16000.0,
    "channels": 1.0,
    "audio_md5": "1f1ecd07ae7bcc738de91a7ebc35318b",
    "loudness": -21.730844497680664,
    "dynamic_range": 0.0,
    "temporal_centroid": 0.3962307274341583,
    "log_attack_time": -1.8908555507659912,
    "filesize": 4708,
    "single_event": true,
    "hardness": 68.73667940169383,
    "depth": 33.324056758987,
    "brightness": 81.6740803943156,
    "roughness": 71.29697409470323,
    "warmth": 18.100659861212886,
    "sharpness": 76.28545837281624,
    "boominess": 9.347064618609188,
    "reverb": false
}