{
    "duration": 0.1625625044107437,
    "lossless": 1.0,
    "codec": "pcm_s16le",
    "bitrate": 256000.0,
    "samplerate": 16000.0,
    "channels": 1.0,
    "audio_md5": "bd1e0ff5d5c542784c8c02f9b655fb26",
    "loudness": -22.245708465576172,
    "dynamic_range": 0.0,
    "temporal_centroid": 0.3428591191768646,
    "log_attack_time": -1.8074818849563599,
    "filesize": 5246,
    "single_event": true,
    "hardness": 69.96537590447068,
    "depth": 21.11181744071967,
    "brightness": 76.60374727164867,
    "roughness": 68.78030715963972,
    "warmth": 25.077149033653093,
    "sharpness": 65.51786156642243,
    "boominess": 0.0,
    "reverb": false
}