{
    "duration": 0.4644375145435333,
    "lossless": 1.0,
    "codec": "pcm_s16le",
    "bitrate": 256000.0,
    "samplerate": 16000.0,
    "channels": 1.0,
    "audio_md5": "c9f0dece473a244bfb22ef77debc2aef",
    "loudness": -21.214262008666992,
    "dynamic_range": 0.0,
    "temporal_centroid": 0.23982663452625275,
    "log_attack_time": -1.7104454040527344,
    "filesize": 14906,
    "single_event": true,
    "hardness": 60.456445712181676,
    "depth": 70.528739861178,
    "brightness": 47.74034015259985,
    "roughness": 45.84653217252431,
    "warmth": 47.18114010309036,
    "sharpness": 48.09257625361708,
    "boominess": 43.264541774589375,
    "reverb": false
}