{
    "duration": 0.5108749866485596,
    "lossless": 1.0,
    "codec": "pcm_s16le",
    "bitrate": 256000.0,
    "samplerate": 16000.0,
    "channels": 1.0,
    "audio_md5": "48cd21bc0336ee0719565948922f0002",
    "loudness": -18.282915115356445,
    "dynamic_range": 0.0,
    "temporal_centroid": 0.23955413699150085,
    "log_attack_time": -1.7343480587005615,
    "filesize": 16392,
    "single_event": true,
    "hardness": 56.138095451618995,
    "depth": 65.98094101629572,
    "brightness": 46.806404539120976,
    "roughness": 40.20905091911397,
    "warmth": 51.287786304567,
    "sharpness": 46.85276683534262,
    "boominess": 46.373643280519445,
    "reverb": false
}