{
    "duration": 0.34831249713897705,
    "lossless": 1.0,
    "codec": "pcm_s16le",
    "bitrate": 256000.0,
    "samplerate": 16000.0,
    "channels": 1.0,
    "audio_md5": "890eb7b26c4c5d890481b9e2d3537afe",
    "loudness": -19.90171241760254,
    "dynamic_range": 0.0,
    "temporal_centroid": 0.18852442502975464,
    "log_attack_time": -1.7757941484451294,
    "filesize": 11190,
    "single_event": true,
    "hardness": 75.15275899439354,
    "depth": 38.57798806244799,
    "brightness": 72.74262057731661,
    "roughness": 62.7823986333147,
    "warmth": 33.50078451609182,
    "sharpness": 60.3554363266322,
    "boominess": 27.809422020421227,
    "reverb": false
}