{
    "duration": 0.6501874923706055,
    "lossless": 1.0,
    "codec": "pcm_s16le",
    "bitrate": 256000.0,
    "samplerate": 16000.0,
    "channels": 1.0,
    "audio_md5": "00fc9f483c7d6594dd2131a9fc41e33a",
    "loudness": -24.98345947265625,
    "dynamic_range": 0.0,
    "temporal_centroid": 0.2704697847366333,
    "log_attack_time": -1.937720775604248,
    "filesize": 20850,
    "single_event": true,
    "hardness": 73.55374285745702,
    "depth": 39.621794644304444,
    "brightness": 78.06738417662024,
    "roughness": 71.87780302925172,
    "warmth": 26.21056749411076,
    "sharpness": 67.91383394450814,
    "boominess": 16.063072214371324,
    "reverb": false
}