{
    "duration": 0.6855624914169312,
    "lossless": 1.0,
    "codec": "pcm_s16le",
    "bitrate": 256000.0,
    "samplerate": 16000.0,
    "channels": 1.0,
    "audio_md5": "948989ef9c434d4b41d4f2595adfb2fb",
    "loudness": -18.451522827148438,
    "dynamic_range": 0.0,
    "temporal_centroid": 0.08146510273218155,
    "log_attack_time": -1.6694666147232056,
    "filesize": 21982,
    "single_event": true,
    "hardness": 74.18082567524021,
    "depth": 37.050818750335324,
    "brightness": 71.1590224180141,
    "roughness": 59.87561757112034,
    "warmth": 28.484864125370052,
    "sharpness": 58.492814294608706,
    "boominess": 32.8602245126931,
    "reverb": false
}