{
    "duration": 0.2786875069141388,
    "lossless": 1.0,
    "codec": "pcm_s16le",
    "bitrate": 256000.0,
    "samplerate": 16000.0,
    "channels": 1.0,
    "audio_md5": "6db88e07ebbbf925594f1440a3e241eb",
    "loudness": -16.87287712097168,
    "dynamic_range": 0.0,
    "temporal_centroid": 0.31603115797042847,
    "log_attack_time": -1.7757941484451294,
    "filesize": 8962,
    "single_event": true,
    "hardness": 65.8571075351594,
    "depth": 46.43918375267768,
    "brightness": 60.218670389557516,
    "roughness": 59.83691369902199,
    "warmth": 44.223437258374254,
    "sharpness": 50.34233388022041,
    "boominess": 32.245640568439626,
    "reverb": false
}