{
    "duration": 0.4180000126361847,
    "lossless": 1.0,
    "codec": "pcm_s16le",
    "bitrate": 256000.0,
    "samplerate": 16000.0,
    "channels": 1.0,
    "audio_md5": "ecb30b84abca9a219462457ef04f7fb4",
    "loudness": -20.53495979309082,
    "dynamic_range": 0.0,
    "temporal_centroid": 0.25692716240882874,
    "log_attack_time": -1.351739525794983,
    "filesize": 13420,
    "single_event": true,
    "hardness": 60.109668599147454,
    "depth": 45.64862308430614,
    "brightness": 54.425846226487444,
    "roughness": 49.863178879476344,
    "warmth": 49.124243829314565,
    "sharpness": 44.77496524827299,
    "boominess": 32.3679747508237,
    "reverb": false
}