{
    "duration": 0.4644375145435333,
    "lossless": 1.0,
    "codec": "pcm_s16le",
    "bitrate": 256000.0,
    "samplerate": 16000.0,
    "channels": 1.0,
    "audio_md5": "43c301e0d154ed1a9573836182a9c906",
    "loudness": -20.44687843322754,
    "dynamic_range": 0.0,
    "temporal_centroid": 0.15752090513706207,
    "log_attack_time": -1.9970556497573853,
    "filesize": 14906,
    "single_event": true,
    "hardness": 62.53989551044734,
    "depth": 56.66820432718852,
    "brightness": 62.18899896263848,
    "roughness": 52.56063573175286,
    "warmth": 41.21597557086171,
    "sharpness": 50.11949180153731,
    "boominess": 38.866102115812446,
    "reverb": false
}