{
    "duration": 0.6501874923706055,
    "lossless": 1.0,
    "codec": "pcm_s16le",
    "bitrate": 256000.0,
    "samplerate": 16000.0,
    "channels": 1.0,
    "audio_md5": "88a780b17e56942a0af7919c39e4e1d1",
    "loudness": -18.934520721435547,
    "dynamic_range": 0.0,
    "temporal_centroid": 0.1914168894290924,
    "log_attack_time": -1.5595049858093262,
    "filesize": 20850,
    "single_event": true,
    "hardness": 57.67048856897327,
    "depth": 70.34724596235549,
    "brightness": 48.478603909659626,
    "roughness": 43.971385215238676,
    "warmth": 51.592508058830276,
    "sharpness": 43.7818120587675,
    "boominess": 44.843862809101815,
    "reverb": false
}