{
    "duration": 0.6966249942779541,
    "lossless": 1.0,
    "codec": "pcm_s16le",
    "bitrate": 256000.0,
    "samplerate": 16000.0,
    "channels": 1.0,
    "audio_md5": "33d24f942d0a36ba3e0e0c2bfa55939a",
    "loudness": -19.491397857666016,
    "dynamic_range": 0.0,
    "temporal_centroid": 0.26735150814056396,
    "log_attack_time": -1.2955498695373535,
    "filesize": 22336,
    "single_event": true,
    "hardness": 41.0572283162695,
    "depth": 71.73698210032725,
    "brightness": 37.8364262330596,
    "roughness": 43.672084052887236,
    "warmth": 60.36836074053036,
    "sharpness": 25.479229617183826,
    "boominess": 49.72758171822768,
    "reverb": false
}