{
    "duration": 0.4411875009536743,
    "lossless": 1.0,
    "codec": "pcm_s16le",
    "bitrate": 256000.0,
    "samplerate": 16000.0,
    "channels": 1.0,
    "audio_md5": "1d69b5822a5dfc7c3cbbfcf56554eda2",
    "loudness": -18.194570541381836,
    "dynamic_range": 0.0,
    "temporal_centroid": 0.15524998307228088,
    "log_attack_time": -1.547528624534607,
    "filesize": 14162,
    "single_event": true,
    "hardness": 66.93882935717457,
    "depth": 58.70619489706185,
    "brightness": 58.56320526010789,
    "roughness": 54.88371306157842,
    "warmth": 38.895212466158,
    "sharpness": 54.6545579345041,
    "boominess": 38.22456198629401,
    "reverb": false
}