{
    "duration": 0.3018749952316284,
    "lossless": 1.0,
    "codec": "pcm_s16le",
    "bitrate": 256000.0,
    "samplerate": 16000.0,
    "channels": 1.0,
    "audio_md5": "2e7c95cf63307ae3754df103a574157c",
    "loudness": -13.962934494018555,
    "dynamic_range": 0.0,
    "temporal_centroid": 0.4113163650035858,
    "log_attack_time": -1.616274118423462,
    "filesize": 9704,
    "single_event": true,
    "hardness": 63.672918290057055,
    "depth": 10.340067734246297,
    "brightness": 68.66113798312945,
    "roughness": 53.00946052363007,
    "warmth": 30.060775190160957,
    "sharpness": 55.79121146614261,
    "boominess": 0.0,
    "reverb": false
}