{
    "duration": 0.19562500715255737,
    "lossless": 1.0,
    "codec": "pcm_s16le",
    "bitrate": 256000.0,
    "samplerate": 16000.0,
    "channels": 1.0,
    "audio_md5": "ffc94a563f61d8a0991331fc5d2c4dfe",
    "loudness": -15.651670455932617,
    "dynamic_range": 0.0,
    "temporal_centroid": 0.3743537366390228,
    "log_attack_time": -1.551016926765442,
    "filesize": 6304,
    "single_event": true,
    "hardness": 64.68766665016904,
    "depth": 54.43371402191332,
    "brightness": 59.993585977047424,
    "roughness": 60.475166759549296,
    "warmth": 45.42424507895097,
    "sharpness": 56.00527779614322,
    "boominess": 30.797927763724722,
    "reverb": false
}