{
    "duration": 0.8823750019073486,
    "lossless": 1.0,
    "codec": "pcm_s16le",
    "bitrate": 256000.0,
    "samplerate": 16000.0,
    "channels": 1.0,
    "audio_md5": "dab3387e4cc22c4597e5347d116698a4",
    "loudness": -14.074074745178223,
    "dynamic_range": 0.0,
    "temporal_centroid": 0.2953561246395111,
    "log_attack_time": -1.3515182733535767,
    "filesize": 28280,
    "single_event": true,
    "hardness": 38.487476318371776,
    "depth": 73.54115053478688,
    "brightness": 29.709509168145217,
    "roughness": 31.06791924126968,
    "warmth": 60.593701560641634,
    "sharpness": 33.786671982566055,
    "boominess": 50.11995610475621,
    "reverb": false
}