{
    "duration": 0.8591874837875366,
    "lossless": 1.0,
    "codec": "pcm_s16le",
    "bitrate": 256000.0,
    "samplerate": 16000.0,
    "channels": 1.0,
    "audio_md5": "eaaf81b7eb5cb93b7b3b24d569593663",
    "loudness": -16.151737213134766,
    "dynamic_range": 0.0,
    "temporal_centroid": 0.28880608081817627,
    "log_attack_time": -1.4134790897369385,
    "filesize": 27538,
    "single_event": true,
    "hardness": 34.54468314762792,
    "depth": 73.99328945392263,
    "brightness": 30.05114357785503,
    "roughness": 31.984588780775724,
    "warmth": 60.85852517662417,
    "sharpness": 30.56082644026904,
    "boominess": 50.018677321238606,
    "reverb": false
}