{
    "duration": 0.4180000126361847,
    "lossless": 1.0,
    "codec": "pcm_s16le",
    "bitrate": 256000.0,
    "samplerate": 16000.0,
    "channels": 1.0,
    "audio_md5": "d3671f9444bcd30f38e8e8063d163a67",
    "loudness": -13.620622634887695,
    "dynamic_range": 0.0,
    "temporal_centroid": 0.15178842842578888,
    "log_attack_time": -1.77053701877594,
    "filesize": 13420,
    "single_event": true,
    "hardness": 70.84216526182064,
    "depth": 31.550383188749848,
    "brightness": 59.005692402245046,
    "roughness": 53.58324755414047,
    "warmth": 34.618616820101686,
    "sharpness": 50.167410301360434,
    "boominess": 14.54614122873015,
    "reverb": false
}