{
    "duration": 0.29124999046325684,
    "lossless": 1.0,
    "codec": "pcm_s16le",
    "bitrate": 256000.0,
    "samplerate": 16000.0,
    "channels": 1.0,
    "audio_md5": "584857b6309243f93d1a4f23d86d22d0",
    "loudness": -26.07119369506836,
    "dynamic_range": 0.0,
    "temporal_centroid": 0.28665995597839355,
    "log_attack_time": -1.9064512252807617,
    "filesize": 9364,
    "single_event": true,
    "hardness": 39.81099485669864,
    "depth": 73.5783472950321,
    "brightness": 34.25239888995246,
    "roughness": 40.01750063051306,
    "warmth": 65.75968316785122,
    "sharpness": 8.666739628331477,
    "boominess": 51.82582417148201,
    "reverb": false
}