{
    "duration": 0.4180000126361847,
    "lossless": 1.0,
    "codec": "pcm_s16le",
    "bitrate": 256000.0,
    "samplerate": 16000.0,
    "channels": 1.0,
    "audio_md5": "cea213bc284a0c0519ed60b80196b644",
    "loudness": -20.292776107788086,
    "dynamic_range": 0.0,
    "temporal_centroid": 0.23043346405029297,
    "log_attack_time": -1.9428706169128418,
    "filesize": 13420,
    "single_event": true,
    "hardness": 62.86344029490232,
    "depth": 8.97730345462211,
    "brightness": 81.01699852428021,
    "roughness": 61.30960238545618,
    "warmth": 15.457375574304727,
    "sharpness": 76.95859991537922,
    "boominess": 0.9731763552883166,
    "reverb": false
}