{
    "duration": 0.5921249985694885,
    "lossless": 1.0,
    "codec": "pcm_s16le",
    "bitrate": 256000.0,
    "samplerate": 16000.0,
    "channels": 1.0,
    "audio_md5": "85223b0462dee15f6e4f2e0cec90b890",
    "loudness": -20.384199142456055,
    "dynamic_range": 0.0,
    "temporal_centroid": 0.2769531011581421,
    "log_attack_time": -1.639687418937683,
    "filesize": 18992,
    "single_event": true,
    "hardness": 62.29329339625073,
    "depth": 10.333556154161393,
    "brightness": 76.36784373479372,
    "roughness": 59.88117860221885,
    "warmth": 13.622136973259614,
    "sharpness": 67.45971992503397,
    "boominess": 1.8040869575366756,
    "reverb": false
}