{
    "duration": 0.20900000631809235,
    "lossless": 1.0,
    "codec": "pcm_s16le",
    "bitrate": 256000.0,
    "samplerate": 16000.0,
    "channels": 1.0,
    "audio_md5": "2555148636f2b61c9e9aea9698c23cba",
    "loudness": -19.88027000427246,
    "dynamic_range": 0.0,
    "temporal_centroid": 0.325578510761261,
    "log_attack_time": -1.6006834506988525,
    "filesize": 6732,
    "single_event": true,
    "hardness": 71.58620478254505,
    "depth": 13.026074521209758,
    "brightness": 74.61169169337425,
    "roughness": 67.8137605305675,
    "warmth": 17.47469983163427,
    "sharpness": 65.23017897056388,
    "boominess": 0.0,
    "reverb": false
}