{
    "duration": 0.19737499952316284,
    "lossless": 1.0,
    "codec": "pcm_s16le",
    "bitrate": 256000.0,
    "samplerate": 16000.0,
    "channels": 1.0,
    "audio_md5": "759da46b808b0c5e119980b7f9f5da87",
    "loudness": -17.90380859375,
    "dynamic_range": 0.0,
    "temporal_centroid": 0.3024373948574066,
    "log_attack_time": -1.7269330024719238,
    "filesize": 6360,
    "single_event": true,
    "hardness": 73.38894058261414,
    "depth": 12.047033949389494,
    "brightness": 76.24550133955412,
    "roughness": 70.09782776583998,
    "warmth": 17.277814220974307,
    "sharpness": 70.05695199940766,
    "boominess": 7.415510498139497,
    "reverb": false
}