{
    "duration": 0.17418749630451202,
    "lossless": 1.0,
    "codec": "pcm_s16le",
    "bitrate": 256000.0,
    "samplerate": 16000.0,
    "channels": 1.0,
    "audio_md5": "cf28a668c56bca2a137a8fe6fc81976c",
    "loudness": -28.374879837036133,
    "dynamic_range": 0.0,
    "temporal_centroid": 0.34965208172798157,
    "log_attack_time": -1.840299129486084,
    "filesize": 5618,
    "single_event": true,
    "hardness": 71.55630110004557,
    "depth": 9.644643494481947,
    "brightness": 79.05977454660668,
    "roughness": 70.11506275241946,
    "warmth": 17.74851437622075,
    "sharpness": 73.00324239694837,
    "boominess": 1.5544575446085815,
    "reverb": false
}