{
    "duration": 0.20900000631809235,
    "lossless": 1.0,
    "codec": "pcm_s16le",
    "bitrate": 256000.0,
    "samplerate": 16000.0,
    "channels": 1.0,
    "audio_md5": "f225169d02df55e8ad3db3d9ef3073ba",
    "loudness": -19.42034149169922,
    "dynamic_range": 0.0,
    "temporal_centroid": 0.3278922140598297,
    "log_attack_time": -1.6965149641036987,
    "filesize": 6732,
    "single_event": true,
    "hardness": 69.71604324892036,
    "depth": 11.279931457320828,
    "brightness": 77.07367878607425,
    "roughness": 70.26103592763597,
    "warmth": 17.49694541712566,
    "sharpness": 68.28716738895665,
    "boominess": 2.623557062899664,
    "reverb": false
}