{
    "duration": 0.22062499821186066,
    "lossless": 1.0,
    "codec": "pcm_s16le",
    "bitrate": 256000.0,
    "samplerate": 16000.0,
    "channels": 1.0,
    "audio_md5": "5999aea8c90b8b8f50556c4a5ed73029",
    "loudness": -17.470579147338867,
    "dynamic_range": 0.0,
    "temporal_centroid": 0.3007042407989502,
    "log_attack_time": -1.7269330024719238,
    "filesize": 7104,
    "single_event": true,
    "hardness": 72.50795531662774,
    "depth": 12.702978676196281,
    "brightness": 74.33462201649436,
    "roughness": 66.75254439861017,
    "warmth": 17.01857980183886,
    "sharpness": 66.35514211978358,
    "boominess": 3.821006261757077,
    "reverb": false
}