{
    "duration": 0.2554374933242798,
    "lossless": 1.0,
    "codec": "pcm_s16le",
    "bitrate": 256000.0,
    "samplerate": 16000.0,
    "channels": 1.0,
    "audio_md5": "d09990b46f4e2f2e75c046d3924f2fc3",
    "loudness": -18.14081573486328,
    "dynamic_range": 0.0,
    "temporal_centroid": 0.4232997000217438,
    "log_attack_time": -1.5278308391571045,
    "filesize": 8218,
    "single_event": true,
    "hardness": 65.06257595065881,
    "depth": 18.42035710584046,
    "brightness": 76.41647358933993,
    "roughness": 69.66379418460521,
    "warmth": 20.748634738381703,
    "sharpness": 66.74699603130202,
    "boominess": 0.4186416685132315,
    "reverb": false
}