{
    "duration": 0.2554374933242798,
    "lossless": 1.0,
    "codec": "pcm_s16le",
    "bitrate": 256000.0,
    "samplerate": 16000.0,
    "channels": 1.0,
    "audio_md5": "d000f463ce53cb47794c1d9068ef0ef6",
    "loudness": -15.222030639648438,
    "dynamic_range": 0.0,
    "temporal_centroid": 0.39017266035079956,
    "log_attack_time": -1.6183140277862549,
    "filesize": 8218,
    "single_event": true,
    "hardness": 62.558777949230716,
    "depth": 15.108619655751625,
    "brightness": 77.54390249053566,
    "roughness": 65.8543619338485,
    "warmth": 13.50730212968407,
    "sharpness": 67.68527373532025,
    "boominess": 0.0,
    "reverb": false
}