{
    "duration": 0.20900000631809235,
    "lossless": 1.0,
    "codec": "pcm_s16le",
    "bitrate": 256000.0,
    "samplerate": 16000.0,
    "channels": 1.0,
    "audio_md5": "02794ba373690d0942c780432ec2e840",
    "loudness": -18.144546508789062,
    "dynamic_range": 0.0,
    "temporal_centroid": 0.3451814353466034,
    "log_attack_time": -1.4980003833770752,
    "filesize": 6732,
    "single_event": true,
    "hardness": 65.60962579317493,
    "depth": 16.204080071282327,
    "brightness": 76.58077892310575,
    "roughness": 71.3630351819976,
    "warmth": 20.523536472426343,
    "sharpness": 66.8690342448528,
    "boominess": 0.0,
    "reverb": false
}