{
    "duration": 0.4528124928474426,
    "lossless": 1.0,
    "codec": "pcm_s16le",
    "bitrate": 256000.0,
    "samplerate": 16000.0,
    "channels": 1.0,
    "audio_md5": "1983fad2de99218b1fc20970ec2b12b4",
    "loudness": -17.66704559326172,
    "dynamic_range": 0.0,
    "temporal_centroid": 0.3356676995754242,
    "log_attack_time": -1.677358865737915,
    "filesize": 14534,
    "single_event": true,
    "hardness": 60.78438168139522,
    "depth": 12.719388318665466,
    "brightness": 74.35762048480419,
    "roughness": 67.7091717544397,
    "warmth": 25.091820399628233,
    "sharpness": 68.75776424477604,
    "boominess": 4.617031480878985,
    "reverb": false
}