{
    "duration": 0.17418749630451202,
    "lossless": 1.0,
    "codec": "pcm_s16le",
    "bitrate": 256000.0,
    "samplerate": 16000.0,
    "channels": 1.0,
    "audio_md5": "89f3622b01472a8318522dc54d905f8d",
    "loudness": -15.690051078796387,
    "dynamic_range": 0.0,
    "temporal_centroid": 0.46917715668678284,
    "log_attack_time": -1.5248527526855469,
    "filesize": 5618,
    "single_event": true,
    "hardness": 61.42587904577593,
    "depth": 10.829709033602576,
    "brightness": 77.53314101452048,
    "roughness": 66.08518836585668,
    "warmth": 12.997867213639807,
    "sharpness": 67.22081477399593,
    "boominess": 0.0,
    "reverb": false
}