{
    "duration": 0.14731250703334808,
    "lossless": 1.0,
    "codec": "pcm_s16le",
    "bitrate": 256000.0,
    "samplerate": 16000.0,
    "channels": 1.0,
    "audio_md5": "33158ae39d6af5de6817e8c9f9a601ad",
    "loudness": -21.877124786376953,
    "dynamic_range": 0.0,
    "temporal_centroid": 0.39726588129997253,
    "log_attack_time": -1.5137832164764404,
    "filesize": 4758,
    "single_event": true,
    "hardness": 66.0989301581775,
    "depth": 22.082519403514013,
    "brightness": 80.99202872621402,
    "roughness": 72.57805162326758,
    "warmth": 17.12694487489427,
    "sharpness": 75.6342330930139,
    "boominess": 0.0,
    "reverb": false
}