{
    "duration": 0.5460625290870667,
    "lossless": 1.0,
    "codec": "pcm_s16le",
    "bitrate": 256000.0,
    "samplerate": 16000.0,
    "channels": 1.0,
    "audio_md5": "a2e8488185e217f93fa195e7e5e7c11c",
    "loudness": -23.48657989501953,
    "dynamic_range": 0.0,
    "temporal_centroid": 0.27412042021751404,
    "log_attack_time": -1.513461947441101,
    "filesize": 17518,
    "single_event": true,
    "hardness": 71.96959402156082,
    "depth": 66.04691521542897,
    "brightness": 68.88770733007816,
    "roughness": 61.26262098810532,
    "warmth": 38.96964656692239,
    "sharpness": 55.687349249529774,
    "boominess": 33.515582066358746,
    "reverb": false
}