{
    "duration": 0.5573124885559082,
    "lossless": 1.0,
    "codec": "pcm_s16le",
    "bitrate": 256000.0,
    "samplerate": 16000.0,
    "channels": 1.0,
    "audio_md5": "b97461342981ca42e9d7231c4f511fde",
    "loudness": -22.997968673706055,
    "dynamic_range": 0.0,
    "temporal_centroid": 0.17793355882167816,
    "log_attack_time": -1.7424356937408447,
    "filesize": 17878,
    "single_event": true,
    "hardness": 22.079362775264016,
    "depth": 71.97373938926351,
    "brightness": 16.455831340730377,
    "roughness": 29.51223988541189,
    "warmth": 59.453315696995865,
    "sharpness": 0.0,
    "boominess": 66.11104431479343,
    "reverb": false
}