{
    "duration": 0.5108749866485596,
    "lossless": 1.0,
    "codec": "pcm_s16le",
    "bitrate": 256000.0,
    "samplerate": 16000.0,
    "channels": 1.0,
    "audio_md5": "d8fb6dc3f940d855c6f5d826a25672a4",
    "loudness": -16.71852684020996,
    "dynamic_range": 0.0,
    "temporal_centroid": 0.20340408384799957,
    "log_attack_time": -1.4419502019882202,
    "filesize": 16392,
    "single_event": true,
    "hardness": 67.83622511552153,
    "depth": 54.7691923177577,
    "brightness": 59.830590535072865,
    "roughness": 59.88802055369707,
    "warmth": 43.427675242921325,
    "sharpness": 51.35900356292578,
    "boominess": 36.28513846400603,
    "reverb": false
}