{
    "duration": 0.4180000126361847,
    "lossless": 1.0,
    "codec": "pcm_s16le",
    "bitrate": 256000.0,
    "samplerate": 16000.0,
    "channels": 1.0,
    "audio_md5": "db127329d16a056d308e49cd0b9f1449",
    "loudness": -16.951425552368164,
    "dynamic_range": 0.0,
    "temporal_centroid": 0.3279692530632019,
    "log_attack_time": -1.2682267427444458,
    "filesize": 13420,
    "single_event": true,
    "hardness": 37.76855973713175,
    "depth": 70.88519173928735,
    "brightness": 32.82148698194796,
    "roughness": 32.421903815435,
    "warmth": 58.48386031751721,
    "sharpness": 36.41084306734386,
    "boominess": 50.492998835803704,
    "reverb": false
}