{
    "duration": 0.1393750011920929,
    "lossless": 1.0,
    "codec": "pcm_s16le",
    "bitrate": 256000.0,
    "samplerate": 16000.0,
    "channels": 1.0,
    "audio_md5": "44aedb404bf45453535b4a5550135e5c",
    "loudness": -17.338274002075195,
    "dynamic_range": 0.0,
    "temporal_centroid": 0.4403144121170044,
    "log_attack_time": -1.517333745956421,
    "filesize": 4504,
    "single_event": true,
    "hardness": 20.618314822053534,
    "depth": 66.05828875518111,
    "brightness": 21.85515620083583,
    "roughness": 34.210087169156225,
    "warmth": 66.70598643261067,
    "sharpness": 0.0,
    "boominess": 59.47651465448181,
    "reverb": false
}