{
    "duration": 0.5573124885559082,
    "lossless": 1.0,
    "codec": "pcm_s16le",
    "bitrate": 256000.0,
    "samplerate": 16000.0,
    "channels": 1.0,
    "audio_md5": "4e9a8844e9a0d1c3ff83b7c995262d6c",
    "loudness": -19.276884078979492,
    "dynamic_range": 0.0,
    "temporal_centroid": 0.20066356658935547,
    "log_attack_time": -1.6179053783416748,
    "filesize": 17878,
    "single_event": true,
    "hardness": 29.367328125867758,
    "depth": 72.34036673308677,
    "brightness": 21.303057336747578,
    "roughness": 29.54460820936933,
    "warmth": 62.602123703539604,
    "sharpness": 0.0,
    "boominess": 61.866608847621286,
    "reverb": false
}