{
    "duration": 0.6734374761581421,
    "lossless": 1.0,
    "codec": "pcm_s16le",
    "bitrate": 256000.0,
    "samplerate": 16000.0,
    "channels": 1.0,
    "audio_md5": "6abc7e2f4c6263f668a95f300ad511c9",
    "loudness": -21.358829498291016,
    "dynamic_range": 0.0,
    "temporal_centroid": 0.2722698450088501,
    "log_attack_time": -1.5496182441711426,
    "filesize": 21594,
    "single_event": true,
    "hardness": 42.891306331492444,
    "depth": 74.74523620584515,
    "brightness": 35.01845229238001,
    "roughness": 31.739360933498823,
    "warmth": 58.93426541943786,
    "sharpness": 42.803200390179,
    "boominess": 44.84742865082441,
    "reverb": false
}