{
    "duration": 0.20900000631809235,
    "lossless": 1.0,
    "codec": "pcm_s16le",
    "bitrate": 256000.0,
    "samplerate": 16000.0,
    "channels": 1.0,
    "audio_md5": "427bf26adc0d1c9160d59a60699334f7",
    "loudness": -24.156593322753906,
    "dynamic_range": 0.0,
    "temporal_centroid": 0.378888338804245,
    "log_attack_time": -2.1392886638641357,
    "filesize": 6732,
    "single_event": true,
    "hardness": 58.74750727130851,
    "depth": 27.700127713682875,
    "brightness": 54.03019897786971,
    "roughness": 46.14626045668666,
    "warmth": 42.57072380491651,
    "sharpness": 37.80366809764204,
    "boominess": 11.599067988644935,
    "reverb": false
}