{
    "duration": 0.48762500286102295,
    "lossless": 1.0,
    "codec": "pcm_s16le",
    "bitrate": 256000.0,
    "samplerate": 16000.0,
    "channels": 1.0,
    "audio_md5": "0f1e9a91398a2435d2f5a2cd2acf2ad7",
    "loudness": -20.31344223022461,
    "dynamic_range": 0.0,
    "temporal_centroid": 0.13321146368980408,
    "log_attack_time": -1.8520468473434448,
    "filesize": 15648,
    "single_event": true,
    "hardness": 32.56697134521821,
    "depth": 67.37820515790031,
    "brightness": 30.97576651235037,
    "roughness": 29.552849514204972,
    "warmth": 59.05272776261786,
    "sharpness": 9.96734132096504,
    "boominess": 60.26772311643162,
    "reverb": false
}