{
    "duration": 0.6269999742507935,
    "lossless": 1.0,
    "codec": "pcm_s16le",
    "bitrate": 256000.0,
    "samplerate": 16000.0,
    "channels": 1.0,
    "audio_md5": "27c8e99b0099823f994f9a07efc3bba6",
    "loudness": -14.075960159301758,
    "dynamic_range": 0.0,
    "temporal_centroid": 0.275454580783844,
    "log_attack_time": -1.381750226020813,
    "filesize": 20108,
    "single_event": true,
    "hardness": 38.31678551444642,
    "depth": 66.6007188017273,
    "brightness": 37.501839500284646,
    "roughness": 39.32674488158952,
    "warmth": 59.915034235208076,
    "sharpness": 32.58618474644693,
    "boominess": 47.44237276430039,
    "reverb": false
}