{
    "duration": 0.5800625085830688,
    "lossless": 1.0,
    "codec": "pcm_s16le",
    "bitrate": 256000.0,
    "samplerate": 16000.0,
    "channels": 1.0,
    "audio_md5": "ac06c5df0be8b473ed9e4a40df89b77c",
    "loudness": -25.381858825683594,
    "dynamic_range": 0.0,
    "temporal_centroid": 0.19582132995128632,
    "log_attack_time": -1.8954757452011108,
    "filesize": 18606,
    "single_event": true,
    "hardness": 58.3716743519322,
    "depth": 72.6480979972385,
    "brightness": 49.75789327178544,
    "roughness": 39.56498362425834,
    "warmth": 51.16582054576927,
    "sharpness": 43.53978169381845,
    "boominess": 43.00349638241261,
    "reverb": false
}