{
    "duration": 0.6501874923706055,
    "lossless": 1.0,
    "codec": "pcm_s16le",
    "bitrate": 256000.0,
    "samplerate": 16000.0,
    "channels": 1.0,
    "audio_md5": "0e7fdc033551c5a4d1a2563c79269a48",
    "loudness": -24.767749786376953,
    "dynamic_range": 0.0,
    "temporal_centroid": 0.21497207880020142,
    "log_attack_time": -1.6492422819137573,
    "filesize": 20850,
    "single_event": true,
    "hardness": 46.80553068849699,
    "depth": 66.11319265926075,
    "brightness": 42.35612705719416,
    "roughness": 38.547734967520114,
    "warmth": 56.996167693459796,
    "sharpness": 26.842688350137706,
    "boominess": 44.992755770184985,
    "reverb": false
}