{
    "duration": 0.18581250309944153,
    "lossless": 1.0,
    "codec": "pcm_s16le",
    "bitrate": 256000.0,
    "samplerate": 16000.0,
    "channels": 1.0,
    "audio_md5": "a8c5d6bea335f77223beea5e5b930ed2",
    "loudness": -17.694992065429688,
    "dynamic_range": 0.0,
    "temporal_centroid": 0.5278931856155396,
    "log_attack_time": -1.6418405771255493,
    "filesize": 5990,
    "single_event": true,
    "hardness": 40.515260735041466,
    "depth": 70.69489918468938,
    "brightness": 35.10434250955235,
    "roughness": 40.050509929772836,
    "warmth": 59.037311577730364,
    "sharpness": 37.925686069677994,
    "boominess": 48.7074857356452,
    "reverb": false
}