{
    "duration": 0.5660625100135803,
    "lossless": 1.0,
    "codec": "pcm_s16le",
    "bitrate": 256000.0,
    "samplerate": 16000.0,
    "channels": 1.0,
    "audio_md5": "16470d743d1ce2ce7f9c3c60644d3fe4",
    "loudness": -18.83534812927246,
    "dynamic_range": 0.0,
    "temporal_centroid": 0.2517578601837158,
    "log_attack_time": -1.617089033126831,
    "filesize": 18158,
    "single_event": true,
    "hardness": 41.99065215106141,
    "depth": 70.98712481165539,
    "brightness": 29.987718731528755,
    "roughness": 34.983433249367124,
    "warmth": 62.309589979568116,
    "sharpness": 22.67874867560534,
    "boominess": 50.63427104976829,
    "reverb": false
}