{
    "duration": 0.5660625100135803,
    "lossless": 1.0,
    "codec": "pcm_s16le",
    "bitrate": 256000.0,
    "samplerate": 16000.0,
    "channels": 1.0,
    "audio_md5": "71c9ac8cbbce9ba6c782a6310efd3ea1",
    "loudness": -20.722919464111328,
    "dynamic_range": 0.0,
    "temporal_centroid": 0.38557469844818115,
    "log_attack_time": -1.3947511911392212,
    "filesize": 18158,
    "single_event": true,
    "hardness": 51.407060458192746,
    "depth": 72.78776046434092,
    "brightness": 30.487719081389294,
    "roughness": 28.622562172205257,
    "warmth": 60.457466770452704,
    "sharpness": 41.40716750423972,
    "boominess": 45.17057721170515,
    "reverb": false
}