{
    "duration": 0.20900000631809235,
    "lossless": 1.0,
    "codec": "pcm_s16le",
    "bitrate": 256000.0,
    "samplerate": 16000.0,
    "channels": 1.0,
    "audio_md5": "4068b6ae3fb15c441c6894c1e1a70b73",
    "loudness": -16.572002410888672,
    "dynamic_range": 0.0,
    "temporal_centroid": 0.39383190870285034,
    "log_attack_time": -1.7590773105621338,
    "filesize": 6732,
    "single_event": true,
    "hardness": 72.46160404038878,
    "depth": 35.435696356040474,
    "brightness": 74.16715883055159,
    "roughness": 70.4663181361237,
    "warmth": 32.95068787471061,
    "sharpness": 64.25337954924225,
    "boominess": 17.570482946743503,
    "reverb": false
}