{
    "duration": 0.7198749780654907,
    "lossless": 1.0,
    "codec": "pcm_s16le",
    "bitrate": 256000.0,
    "samplerate": 16000.0,
    "channels": 1.0,
    "audio_md5": "b0bcb3d0682dd8a0ebc8241754422e38",
    "loudness": -22.43928337097168,
    "dynamic_range": 0.0,
    "temporal_centroid": 0.13767176866531372,
    "log_attack_time": -1.9732657670974731,
    "filesize": 23080,
    "single_event": true,
    "hardness": 56.32098334446738,
    "depth": 48.615319573842896,
    "brightness": 48.1661954983616,
    "roughness": 28.108372297414082,
    "warmth": 47.32519339361892,
    "sharpness": 37.24011662739572,
    "boominess": 30.719004054323754,
    "reverb": false
}