{
    "duration": 0.04412499815225601,
    "lossless": 1.0,
    "codec": "pcm_s16le",
    "bitrate": 256000.0,
    "samplerate": 16000.0,
    "channels": 1.0,
    "audio_md5": "a57d9882822bf9c6b8eb85e483e33ee6",
    "loudness": -30.873897552490234,
    "dynamic_range": 0.0,
    "temporal_centroid": 0.5800270438194275,
    "log_attack_time": -1.8605350255966187,
    "filesize": 1456,
    "single_event": true,
    "hardness": 70.91761048705308,
    "depth": 4.298708312315192,
    "brightness": 83.88557560320587,
    "roughness": 69.52928001220539,
    "warmth": 27.758193207599003,
    "sharpness": 86.22239612718832,
    "boominess": 0.0,
    "reverb": false
}