{
    "duration": 0.48762500286102295,
    "lossless": 1.0,
    "codec": "pcm_s16le",
    "bitrate": 256000.0,
    "samplerate": 16000.0,
    "channels": 1.0,
    "audio_md5": "42aaea32fd20a7d3c80c58c9db16430d",
    "loudness": -19.272348403930664,
    "dynamic_range": 0.0,
    "temporal_centroid": 0.26696208119392395,
    "log_attack_time": -1.336514949798584,
    "filesize": 15648,
    "single_event": true,
    "hardness": 61.6527237831331,
    "depth": 57.876095939241374,
    "brightness": 58.59624581927951,
    "roughness": 61.81447495771146,
    "warmth": 44.64332280995353,
    "sharpness": 47.80282802456247,
    "boominess": 28.96644786038217,
    "reverb": false
}