{
    "duration": 0.4411875009536743,
    "lossless": 1.0,
    "codec": "pcm_s16le",
    "bitrate": 256000.0,
    "samplerate": 16000.0,
    "channels": 1.0,
    "audio_md5": "70a66d24e1da504c81f4409074e11ced",
    "loudness": -18.68424415588379,
    "dynamic_range": 0.0,
    "temporal_centroid": 0.2389240562915802,
    "log_attack_time": -1.5685268640518188,
    "filesize": 14162,
    "single_event": true,
    "hardness": 44.95561439610685,
    "depth": 71.49111504792977,
    "brightness": 26.632609154207017,
    "roughness": 25.002296355858046,
    "warmth": 61.369643190636964,
    "sharpness": 32.6803487102436,
    "boominess": 50.26432433818411,
    "reverb": false
}