{
    "duration": 0.4644375145435333,
    "lossless": 1.0,
    "codec": "pcm_s16le",
    "bitrate": 256000.0,
    "samplerate": 16000.0,
    "channels": 1.0,
    "audio_md5": "5c75a97e13c288a7c7f36ff528359ea1",
    "loudness": -21.599897384643555,
    "dynamic_range": 0.0,
    "temporal_centroid": 0.21953773498535156,
    "log_attack_time": -2.0456480979919434,
    "filesize": 14906,
    "single_event": true,
    "hardness": 46.816022636211756,
    "depth": 34.148811963006466,
    "brightness": 48.14841631356432,
    "roughness": 42.07753766259886,
    "warmth": 47.60284193623279,
    "sharpness": 28.885993164746424,
    "boominess": 27.20807446239707,
    "reverb": false
}