{
    "duration": 0.6037499904632568,
    "lossless": 1.0,
    "codec": "pcm_s16le",
    "bitrate": 256000.0,
    "samplerate": 16000.0,
    "channels": 1.0,
    "audio_md5": "5752f0c912735470495c7b5c5869155a",
    "loudness": -19.371034622192383,
    "dynamic_range": 0.0,
    "temporal_centroid": 0.29021331667900085,
    "log_attack_time": -1.403639793395996,
    "filesize": 19364,
    "single_event": true,
    "hardness": 54.00489390478549,
    "depth": 65.83808404735835,
    "brightness": 46.90599534973761,
    "roughness": 46.92534716593968,
    "warmth": 58.04882118831638,
    "sharpness": 32.57188888822644,
    "boominess": 43.31844301800103,
    "reverb": false
}