{
    "duration": 0.16368749737739563,
    "lossless": 1.0,
    "codec": "pcm_s16le",
    "bitrate": 256000.0,
    "samplerate": 16000.0,
    "channels": 1.0,
    "audio_md5": "9c06a25c925dd6042dcc2a88ea70cc29",
    "loudness": -17.273183822631836,
    "dynamic_range": 0.0,
    "temporal_centroid": 0.41944262385368347,
    "log_attack_time": -1.6662580966949463,
    "filesize": 5282,
    "single_event": true,
    "hardness": 28.165561739162484,
    "depth": 66.68383732553156,
    "brightness": 24.955111395468293,
    "roughness": 24.31166412593646,
    "warmth": 72.70237149256533,
    "sharpness": 0.0,
    "boominess": 49.46083051048173,
    "reverb": false
}