{
    "duration": 0.4180000126361847,
    "lossless": 1.0,
    "codec": "pcm_s16le",
    "bitrate": 256000.0,
    "samplerate": 16000.0,
    "channels": 1.0,
    "audio_md5": "9823a6c9bd802635479bc3cfe8719e65",
    "loudness": -20.15785789489746,
    "dynamic_range": 0.0,
    "temporal_centroid": 0.20454122126102448,
    "log_attack_time": -1.672698974609375,
    "filesize": 13420,
    "single_event": true,
    "hardness": 24.125747410993753,
    "depth": 69.61042359802622,
    "brightness": 31.438714976521776,
    "roughness": 0,
    "warmth": 63.59041883503409,
    "sharpness": 0.0,
    "boominess": 54.11634035904805,
    "reverb": false
}