{
    "duration": 0.23225000500679016,
    "lossless": 1.0,
    "codec": "pcm_s16le",
    "bitrate": 256000.0,
    "samplerate": 16000.0,
    "channels": 1.0,
    "audio_md5": "a30ae60f2e47b8a3aac3fb236307a183",
    "loudness": -22.750553131103516,
    "dynamic_range": 0.0,
    "temporal_centroid": 0.26150283217430115,
    "log_attack_time": -2.286503791809082,
    "filesize": 7476,
    "single_event": true,
    "hardness": 70.1609044329953,
    "depth": 26.24290929859272,
    "brightness": 75.43491733471222,
    "roughness": 65.74382027657683,
    "warmth": 25.16971313792729,
    "sharpness": 65.70491546903466,
    "boominess": 0.0,
    "reverb": false
}