{
    "duration": 0.42018750309944153,
    "lossless": 1.0,
    "codec": "pcm_s16le",
    "bitrate": 256000.0,
    "samplerate": 16000.0,
    "channels": 1.0,
    "audio_md5": "95007bd2c19203f221d196c6ec0efc71",
    "loudness": -24.410377502441406,
    "dynamic_range": 0.0,
    "temporal_centroid": 0.22873152792453766,
    "log_attack_time": -1.6630730628967285,
    "filesize": 13490,
    "single_event": true,
    "hardness": 71.5917773619143,
    "depth": 31.51254868867072,
    "brightness": 73.97460313672917,
    "roughness": 66.06544997522059,
    "warmth": 28.291165143951428,
    "sharpness": 64.19700141438392,
    "boominess": 17.370931540840825,
    "reverb": false
}