{
    "duration": 0.40418750047683716,
    "lossless": 1.0,
    "codec": "pcm_s16le",
    "bitrate": 256000.0,
    "samplerate": 16000.0,
    "channels": 1.0,
    "audio_md5": "7de3fda9d00239f25a87090400f7de0e",
    "loudness": -19.983814239501953,
    "dynamic_range": 0.0,
    "temporal_centroid": 0.20018194615840912,
    "log_attack_time": -2.222834587097168,
    "filesize": 12978,
    "single_event": true,
    "hardness": 67.48990344571732,
    "depth": 61.0998257377333,
    "brightness": 53.30572528451908,
    "roughness": 49.39767401986371,
    "warmth": 44.21551790197755,
    "sharpness": 47.1380536658029,
    "boominess": 37.752695446853274,
    "reverb": false
}