{
    "duration": 0.3714999854564667,
    "lossless": 1.0,
    "codec": "pcm_s16le",
    "bitrate": 256000.0,
    "samplerate": 16000.0,
    "channels": 1.0,
    "audio_md5": "dfb074647078ad70bf1a3f36f1b0b1f6",
    "loudness": -22.811418533325195,
    "dynamic_range": 0.0,
    "temporal_centroid": 0.23659484088420868,
    "log_attack_time": -1.9420080184936523,
    "filesize": 11932,
    "single_event": true,
    "hardness": 63.521263848066354,
    "depth": 59.09526611959459,
    "brightness": 62.20740026361909,
    "roughness": 55.548980339399584,
    "warmth": 42.50500374198219,
    "sharpness": 55.58352317015067,
    "boominess": 33.56599337170083,
    "reverb": false
}