{
    "duration": 0.5573124885559082,
    "lossless": 1.0,
    "codec": "pcm_s16le",
    "bitrate": 256000.0,
    "samplerate": 16000.0,
    "channels": 1.0,
    "audio_md5": "23b7971d1119f99633d834bb4ce394b0",
    "loudness": -24.13199234008789,
    "dynamic_range": 0.0,
    "temporal_centroid": 0.1575610339641571,
    "log_attack_time": -2.010970115661621,
    "filesize": 17878,
    "single_event": true,
    "hardness": 62.518942155409235,
    "depth": 57.232441260085324,
    "brightness": 49.55113809998758,
    "roughness": 40.47443203598133,
    "warmth": 51.7437279775913,
    "sharpness": 41.6631464968203,
    "boominess": 39.4782769022691,
    "reverb": false
}