{
    "duration": 0.13899999856948853,
    "lossless": 1.0,
    "codec": "pcm_s16le",
    "bitrate": 256000.0,
    "samplerate": 16000.0,
    "channels": 1.0,
    "audio_md5": "e24a504d42782da2a96d0c19deeb2ca4",
    "loudness": -18.995058059692383,
    "dynamic_range": 0.0,
    "temporal_centroid": 0.3920626640319824,
    "log_attack_time": -1.657219409942627,
    "filesize": 4492,
    "single_event": true,
    "hardness": 50.99005247046395,
    "depth": 52.87948190863574,
    "brightness": 46.49029525369541,
    "roughness": 44.64945494995589,
    "warmth": 58.966661758501274,
    "sharpness": 37.02184969345554,
    "boominess": 36.762688324157246,
    "reverb": false
}