{
    "duration": 0.7430624961853027,
    "lossless": 1.0,
    "codec": "pcm_s16le",
    "bitrate": 256000.0,
    "samplerate": 16000.0,
    "channels": 1.0,
    "audio_md5": "977cbd8e0001cc63d5c4c88341212022",
    "loudness": -22.681964874267578,
    "dynamic_range": 0.0,
    "temporal_centroid": 0.20150886476039886,
    "log_attack_time": -1.4654617309570312,
    "filesize": 23822,
    "single_event": true,
    "hardness": 70.93465548089938,
    "depth": 33.53195468351927,
    "brightness": 78.79148303506791,
    "roughness": 66.11847613497685,
    "warmth": 23.108323159137306,
    "sharpness": 70.28631137412515,
    "boominess": 10.496328479098597,
    "reverb": false
}