{
    "duration": 0.6966249942779541,
    "lossless": 1.0,
    "codec": "pcm_s16le",
    "bitrate": 256000.0,
    "samplerate": 16000.0,
    "channels": 1.0,
    "audio_md5": "79861479275d399a97b5f5c8ca4878c4",
    "loudness": -16.7791690826416,
    "dynamic_range": 0.0,
    "temporal_centroid": 0.25891485810279846,
    "log_attack_time": -1.5202605724334717,
    "filesize": 22336,
    "single_event": true,
    "hardness": 44.493036368445445,
    "depth": 69.81424140720426,
    "brightness": 41.650930006698026,
    "roughness": 42.56372608916267,
    "warmth": 55.45403304013507,
    "sharpness": 37.26225528441087,
    "boominess": 48.88480728148044,
    "reverb": false
}