{
    "duration": 0.6966249942779541,
    "lossless": 1.0,
    "codec": "pcm_s16le",
    "bitrate": 256000.0,
    "samplerate": 16000.0,
    "channels": 1.0,
    "audio_md5": "b500e3c1e718b085126572bccf89d5b6",
    "loudness": -16.068174362182617,
    "dynamic_range": 0.0,
    "temporal_centroid": 0.25998058915138245,
    "log_attack_time": -1.5799806118011475,
    "filesize": 22336,
    "single_event": true,
    "hardness": 50.051754372310114,
    "depth": 69.79592286643168,
    "brightness": 42.34193283349715,
    "roughness": 42.28200950353273,
    "warmth": 55.26319540967527,
    "sharpness": 37.86854448885325,
    "boominess": 48.77510415924327,
    "reverb": false
}