{
    "duration": 0.8591874837875366,
    "lossless": 1.0,
    "codec": "pcm_s16le",
    "bitrate": 256000.0,
    "samplerate": 16000.0,
    "channels": 1.0,
    "audio_md5": "beea01e6d0a70f4b1d1ccfea1e8a44d2",
    "loudness": -18.225055694580078,
    "dynamic_range": 0.0,
    "temporal_centroid": 0.2852303087711334,
    "log_attack_time": -0.9227103590965271,
    "filesize": 27538,
    "single_event": true,
    "hardness": 53.10467111660145,
    "depth": 72.0679814415515,
    "brightness": 43.38001339139005,
    "roughness": 40.92584070493563,
    "warmth": 56.15626512168869,
    "sharpness": 27.23515415321347,
    "boominess": 55.4977968396489,
    "reverb": false
}