{
    "duration": 0.8591874837875366,
    "lossless": 1.0,
    "codec": "pcm_s16le",
    "bitrate": 256000.0,
    "samplerate": 16000.0,
    "channels": 1.0,
    "audio_md5": "b1a48d7f41d04870d120e19b70ae2d5e",
    "loudness": -17.930992126464844,
    "dynamic_range": 0.0,
    "temporal_centroid": 0.2722703814506531,
    "log_attack_time": -0.9175484776496887,
    "filesize": 27538,
    "single_event": true,
    "hardness": 48.37052144249921,
    "depth": 73.86156683966068,
    "brightness": 42.39736060024556,
    "roughness": 41.454053196738236,
    "warmth": 57.873922163352795,
    "sharpness": 34.0175626406192,
    "boominess": 51.94841851507401,
    "reverb": false
}