{
    "duration": 0.8591874837875366,
    "lossless": 1.0,
    "codec": "pcm_s16le",
    "bitrate": 256000.0,
    "samplerate": 16000.0,
    "channels": 1.0,
    "audio_md5": "7d1603f45f0e2cc17354c6b68f19b473",
    "loudness": -17.94890785217285,
    "dynamic_range": 0.0,
    "temporal_centroid": 0.28385937213897705,
    "log_attack_time": -0.9237832427024841,
    "filesize": 27538,
    "single_event": true,
    "hardness": 49.38434985922996,
    "depth": 72.12761012093581,
    "brightness": 41.24871656981996,
    "roughness": 40.37195466117153,
    "warmth": 56.64691126569842,
    "sharpness": 26.118143933691506,
    "boominess": 55.437555380159516,
    "reverb": false
}