{
    "duration": 0.8823750019073486,
    "lossless": 1.0,
    "codec": "pcm_s16le",
    "bitrate": 256000.0,
    "samplerate": 16000.0,
    "channels": 1.0,
    "audio_md5": "f581641be57d95a0e009550770781669",
    "loudness": -17.87192153930664,
    "dynamic_range": 0.0,
    "temporal_centroid": 0.21570052206516266,
    "log_attack_time": -1.3423242568969727,
    "filesize": 28280,
    "single_event": true,
    "hardness": 69.76306045305472,
    "depth": 16.250133975360917,
    "brightness": 81.03665482884593,
    "roughness": 62.92276006955541,
    "warmth": 24.70537729001239,
    "sharpness": 79.11510680375271,
    "boominess": 0.0,
    "reverb": false
}