{
    "duration": 0.6269999742507935,
    "lossless": 1.0,
    "codec": "pcm_s16le",
    "bitrate": 256000.0,
    "samplerate": 16000.0,
    "channels": 1.0,
    "audio_md5": "4c3c23fc40b46c74c4ffa99d8d0cbc3d",
    "loudness": -24.733577728271484,
    "dynamic_range": 0.0,
    "temporal_centroid": 0.2837272584438324,
    "log_attack_time": -1.633291244506836,
    "filesize": 20108,
    "single_event": true,
    "hardness": 53.75898064120986,
    "depth": 67.54648173607343,
    "brightness": 48.311284578495,
    "roughness": 47.067141953270685,
    "warmth": 57.61273973402995,
    "sharpness": 31.00832838545994,
    "boominess": 44.68022539548396,
    "reverb": false
}