{
    "duration": 0.7198749780654907,
    "lossless": 1.0,
    "codec": "pcm_s16le",
    "bitrate": 256000.0,
    "samplerate": 16000.0,
    "channels": 1.0,
    "audio_md5": "99e28824dc85f8cf5552597e5d1b038e",
    "loudness": -24.61504364013672,
    "dynamic_range": 0.0,
    "temporal_centroid": 0.2907743752002716,
    "log_attack_time": -1.645308017730713,
    "filesize": 23080,
    "single_event": true,
    "hardness": 58.977490031821446,
    "depth": 69.17495107724207,
    "brightness": 57.44916753423493,
    "roughness": 52.0422192903988,
    "warmth": 52.48280769679259,
    "sharpness": 43.99005598122332,
    "boominess": 40.240649052600205,
    "reverb": false
}