{
    "duration": 0.3018749952316284,
    "lossless": 1.0,
    "codec": "pcm_s16le",
    "bitrate": 256000.0,
    "samplerate": 16000.0,
    "channels": 1.0,
    "audio_md5": "1dcec2561d364c5510a818a5d0f0b211",
    "loudness": -21.21046257019043,
    "dynamic_range": 0.0,
    "temporal_centroid": 0.2849595248699188,
    "log_attack_time": -1.542348027229309,
    "filesize": 9704,
    "single_event": true,
    "hardness": 75.09776146652084,
    "depth": 27.821864946195674,
    "brightness": 78.90620734373718,
    "roughness": 71.57696853588058,
    "warmth": 27.198207989479698,
    "sharpness": 69.66189155313111,
    "boominess": 2.7343847522924705,
    "reverb": false
}