{
    "duration": 0.6037499904632568,
    "lossless": 1.0,
    "codec": "pcm_s16le",
    "bitrate": 256000.0,
    "samplerate": 16000.0,
    "channels": 1.0,
    "audio_md5": "9e9d2aeeb73be74d7881c6b6dea5d9da",
    "loudness": -16.79897689819336,
    "dynamic_range": 0.0,
    "temporal_centroid": 0.17067216336727142,
    "log_attack_time": -1.7019344568252563,
    "filesize": 19364,
    "single_event": true,
    "hardness": 66.37458278704557,
    "depth": 53.544770212957836,
    "brightness": 67.50666951587058,
    "roughness": 57.34982326386791,
    "warmth": 39.184190951063314,
    "sharpness": 57.07377948895865,
    "boominess": 35.31492186589247,
    "reverb": false
}