{
    "duration": 0.09274999797344208,
    "lossless": 1.0,
    "codec": "pcm_s16le",
    "bitrate": 256000.0,
    "samplerate": 16000.0,
    "channels": 1.0,
    "audio_md5": "5dd0858f41cba6b814713be673bac0a5",
    "loudness": -27.495914459228516,
    "dynamic_range": 0.0,
    "temporal_centroid": 0.5080000758171082,
    "log_attack_time": -2.3499724864959717,
    "filesize": 3012,
    "single_event": true,
    "hardness": 76.66389586574238,
    "depth": 17.50389928486188,
    "brightness": 76.45578430260417,
    "roughness": 62.59801390241896,
    "warmth": 24.1825940364063,
    "sharpness": 71.4817980821488,
    "boominess": 0.8147216489560662,
    "reverb": false
}