{
    "duration": 0.009999999776482582,
    "lossless": 1.0,
    "codec": "pcm_s16le",
    "bitrate": 256000.0,
    "samplerate": 16000.0,
    "channels": 1.0,
    "audio_md5": "8d0a6c8839b45b4938b31dccc43cc101",
    "loudness": -31.29987907409668,
    "dynamic_range": 0.0,
    "temporal_centroid": 0.5986841320991516,
    "log_attack_time": -2.3544039726257324,
    "filesize": 364,
    "single_event": true
}