{
    "duration": 0.226624995470047,
    "lossless": 1.0,
    "codec": "pcm_s16le",
    "bitrate": 256000.0,
    "samplerate": 16000.0,
    "channels": 1.0,
    "audio_md5": "6b34318583f4509b78488a1a1f5cef37",
    "loudness": -20.214080810546875,
    "dynamic_range": 0.0,
    "temporal_centroid": 0.3451317846775055,
    "log_attack_time": -1.4827711582183838,
    "filesize": 7296,
    "single_event": true,
    "hardness": 70.72115025010649,
    "depth": 64.25199553520947,
    "brightness": 67.49498003436128,
    "roughness": 66.89729144768657,
    "warmth": 44.52805270993502,
    "sharpness": 59.57911217071126,
    "boominess": 35.81304431181405,
    "reverb": false
}