{
    "duration": 0.09274999797344208,
    "lossless": 1.0,
    "codec": "pcm_s16le",
    "bitrate": 256000.0,
    "samplerate": 16000.0,
    "channels": 1.0,
    "audio_md5": "9f9731e34aafb2d7a4b68e2433a65214",
    "loudness": -26.957307815551758,
    "dynamic_range": 0.0,
    "temporal_centroid": 0.5038982629776001,
    "log_attack_time": -2.517333745956421,
    "filesize": 3012,
    "single_event": true,
    "hardness": 77.6418384068333,
    "depth": 19.494215813889824,
    "brightness": 77.16190147583998,
    "roughness": 68.1154971169542,
    "warmth": 24.55607139879097,
    "sharpness": 69.67904215454537,
    "boominess": 4.504550504159226,
    "reverb": false
}