{
    "duration": 0.23218749463558197,
    "lossless": 1.0,
    "codec": "pcm_s16le",
    "bitrate": 256000.0,
    "samplerate": 16000.0,
    "channels": 1.0,
    "audio_md5": "6e2819fee854a97dd73b75a1b97aa7a3",
    "loudness": -23.129104614257812,
    "dynamic_range": 0.0,
    "temporal_centroid": 0.2486887276172638,
    "log_attack_time": -2.2413182258605957,
    "filesize": 7474,
    "single_event": true,
    "hardness": 70.24397837769746,
    "depth": 10.194981854515923,
    "brightness": 77.14779875171008,
    "roughness": 67.24206037453573,
    "warmth": 17.565599715031524,
    "sharpness": 66.45009546075053,
    "boominess": 0.0,
    "reverb": false
}