{
    "duration": 0.2554374933242798,
    "lossless": 1.0,
    "codec": "pcm_s16le",
    "bitrate": 256000.0,
    "samplerate": 16000.0,
    "channels": 1.0,
    "audio_md5": "a618e2870c48ce2a22e7cfece8a9f2d5",
    "loudness": -19.222726821899414,
    "dynamic_range": 0.0,
    "temporal_centroid": 0.297213077545166,
    "log_attack_time": -1.5852539539337158,
    "filesize": 8218,
    "single_event": true,
    "hardness": 67.9951131034924,
    "depth": 34.38886755760972,
    "brightness": 65.72558501834214,
    "roughness": 65.77463437923247,
    "warmth": 36.4415649445842,
    "sharpness": 53.95157249897044,
    "boominess": 18.49669259778006,
    "reverb": false
}