{
    "duration": 0.23218749463558197,
    "lossless": 1.0,
    "codec": "pcm_s16le",
    "bitrate": 256000.0,
    "samplerate": 16000.0,
    "channels": 1.0,
    "audio_md5": "4eca2556890506d9a2df475b10227fb2",
    "loudness": -24.258718490600586,
    "dynamic_range": 0.0,
    "temporal_centroid": 0.24910633265972137,
    "log_attack_time": -2.2082760334014893,
    "filesize": 7474,
    "single_event": true,
    "hardness": 68.74295026217703,
    "depth": 13.685743596232967,
    "brightness": 77.18060960906766,
    "roughness": 64.36878623527409,
    "warmth": 16.729763810065204,
    "sharpness": 67.50325840418503,
    "boominess": 0.0,
    "reverb": false
}