{
    "duration": 0.23218749463558197,
    "lossless": 1.0,
    "codec": "pcm_s16le",
    "bitrate": 256000.0,
    "samplerate": 16000.0,
    "channels": 1.0,
    "audio_md5": "9beca8e84200d1c5ba8ab03acd692664",
    "loudness": -23.484607696533203,
    "dynamic_range": 0.0,
    "temporal_centroid": 0.2618222236633301,
    "log_attack_time": -2.002964496612549,
    "filesize": 7474,
    "single_event": true,
    "hardness": 68.83457966080425,
    "depth": 13.408724081903472,
    "brightness": 77.82868447993172,
    "roughness": 67.13647049489546,
    "warmth": 10.216414237082986,
    "sharpness": 68.80220990815002,
    "boominess": 0.0,
    "reverb": false
}