{
    "duration": 0.3995625078678131,
    "lossless": 1.0,
    "codec": "pcm_s16le",
    "bitrate": 256000.0,
    "samplerate": 16000.0,
    "channels": 1.0,
    "audio_md5": "16b78d06c2246cecb85eec2d18b9fc5e",
    "loudness": -14.508667945861816,
    "dynamic_range": 0.0,
    "temporal_centroid": 0.3665112555027008,
    "log_attack_time": -1.515716314315796,
    "filesize": 12830,
    "single_event": true,
    "hardness": 48.569986887556325,
    "depth": 70.41480204755246,
    "brightness": 31.014888169165133,
    "roughness": 28.48848979215228,
    "warmth": 58.59199914724684,
    "sharpness": 37.12932064082888,
    "boominess": 49.6774679474387,
    "reverb": false
}