{
    "duration": 0.3947499990463257,
    "lossless": 1.0,
    "codec": "pcm_s16le",
    "bitrate": 256000.0,
    "samplerate": 16000.0,
    "channels": 1.0,
    "audio_md5": "b3c303ceec20de1b8e4a280f2379f38e",
    "loudness": -21.9058837890625,
    "dynamic_range": 0.0,
    "temporal_centroid": 0.18229137361049652,
    "log_attack_time": -1.8170692920684814,
    "filesize": 12676,
    "single_event": true,
    "hardness": 69.90605229261149,
    "depth": 34.223328509961064,
    "brightness": 73.03667504676821,
    "roughness": 65.00644101853797,
    "warmth": 29.792271399396984,
    "sharpness": 61.41712108180009,
    "boominess": 24.172583507603623,
    "reverb": false
}