{
    "duration": 0.06968750059604645,
    "lossless": 1.0,
    "codec": "pcm_s16le",
    "bitrate": 256000.0,
    "samplerate": 16000.0,
    "channels": 1.0,
    "audio_md5": "b013a745cc06afae729a0bffcc8d1d65",
    "loudness": -19.77801513671875,
    "dynamic_range": 0.0,
    "temporal_centroid": 0.6111773252487183,
    "log_attack_time": -1.7925689220428467,
    "filesize": 2274,
    "single_event": true,
    "hardness": 22.621035957874724,
    "depth": 62.89496289038003,
    "brightness": 13.441198662147833,
    "roughness": 36.9004904877375,
    "warmth": 71.66914552238892,
    "sharpness": 0.0,
    "boominess": 58.85475054456745,
    "reverb": false
}