{
    "duration": 0.6966249942779541,
    "lossless": 1.0,
    "codec": "pcm_s16le",
    "bitrate": 256000.0,
    "samplerate": 16000.0,
    "channels": 1.0,
    "audio_md5": "12ede9d6e58e926b83e6c7a557574b46",
    "loudness": -20.51100730895996,
    "dynamic_range": 0.0,
    "temporal_centroid": 0.14721359312534332,
    "log_attack_time": -1.6324454545974731,
    "filesize": 22336,
    "single_event": true,
    "hardness": 51.286621110149184,
    "depth": 69.22849990074582,
    "brightness": 36.68243521365463,
    "roughness": 26.616540293805055,
    "warmth": 55.45466318135859,
    "sharpness": 26.289469974516756,
    "boominess": 49.882245373316664,
    "reverb": false
}