{
    "duration": 0.34831249713897705,
    "lossless": 1.0,
    "codec": "pcm_s16le",
    "bitrate": 256000.0,
    "samplerate": 16000.0,
    "channels": 1.0,
    "audio_md5": "5fe4b47fe1d1b06b235c2667f22d4b2e",
    "loudness": -18.417966842651367,
    "dynamic_range": 0.0,
    "temporal_centroid": 0.38002046942710876,
    "log_attack_time": -1.4314523935317993,
    "filesize": 11190,
    "single_event": true,
    "hardness": 46.137462381100846,
    "depth": 70.99640140729558,
    "brightness": 34.00333998969364,
    "roughness": 30.56293662311763,
    "warmth": 58.141699188556515,
    "sharpness": 43.48680361019586,
    "boominess": 44.17238230372243,
    "reverb": false
}