{
    "duration": 0.1393750011920929,
    "lossless": 1.0,
    "codec": "pcm_s16le",
    "bitrate": 256000.0,
    "samplerate": 16000.0,
    "channels": 1.0,
    "audio_md5": "88598d52ad24791d9e58eefaeca31c23",
    "loudness": -24.741924285888672,
    "dynamic_range": 0.0,
    "temporal_centroid": 0.39262843132019043,
    "log_attack_time": -1.7752068042755127,
    "filesize": 4504,
    "single_event": true,
    "hardness": 74.73315100105512,
    "depth": 10.011562057566223,
    "brightness": 82.24829747360003,
    "roughness": 73.19600581379467,
    "warmth": 16.521217054902717,
    "sharpness": 80.16831924728422,
    "boominess": 0.0,
    "reverb": false
}