{
    "duration": 0.3947499990463257,
    "lossless": 1.0,
    "codec": "pcm_s16le",
    "bitrate": 256000.0,
    "samplerate": 16000.0,
    "channels": 1.0,
    "audio_md5": "2c43141a53d029ccd29f64736762bdc2",
    "loudness": -15.225109100341797,
    "dynamic_range": 0.0,
    "temporal_centroid": 0.3402041792869568,
    "log_attack_time": -1.2882214784622192,
    "filesize": 12676,
    "single_event": true,
    "hardness": 62.895899566881496,
    "depth": 10.41872493724545,
    "brightness": 76.03320456023128,
    "roughness": 69.04419288372235,
    "warmth": 18.195885464064723,
    "sharpness": 64.89058731255554,
    "boominess": 0.0,
    "reverb": false
}