{
    "duration": 0.37156251072883606,
    "lossless": 1.0,
    "codec": "pcm_s16le",
    "bitrate": 256000.0,
    "samplerate": 16000.0,
    "channels": 1.0,
    "audio_md5": "c9dc5bf63ebe71bc1e04da474a0e4146",
    "loudness": -24.612607955932617,
    "dynamic_range": 0.0,
    "temporal_centroid": 0.19301874935626984,
    "log_attack_time": -1.6676301956176758,
    "filesize": 11934,
    "single_event": true,
    "hardness": 72.326356620664,
    "depth": 10.63144320721765,
    "brightness": 83.38856590887269,
    "roughness": 68.27011146809554,
    "warmth": 15.93754964602677,
    "sharpness": 85.55655619641789,
    "boominess": 1.0635265045669051,
    "reverb": false
}