{
    "duration": 0.37156251072883606,
    "lossless": 1.0,
    "codec": "pcm_s16le",
    "bitrate": 256000.0,
    "samplerate": 16000.0,
    "channels": 1.0,
    "audio_md5": "88c7a8c1382156189d4a4a40db80c3ee",
    "loudness": -14.992082595825195,
    "dynamic_range": 0.0,
    "temporal_centroid": 0.24038593471050262,
    "log_attack_time": -1.4571999311447144,
    "filesize": 11934,
    "single_event": true,
    "hardness": 46.532821470400506,
    "depth": 68.40562394307634,
    "brightness": 34.470845574921064,
    "roughness": 38.334251768675,
    "warmth": 58.163120020819946,
    "sharpness": 35.09038100538357,
    "boominess": 51.486687019924005,
    "reverb": false
}