{
    "duration": 0.18581250309944153,
    "lossless": 1.0,
    "codec": "pcm_s16le",
    "bitrate": 256000.0,
    "samplerate": 16000.0,
    "channels": 1.0,
    "audio_md5": "816cf148b42d740ed7da0e19f4992c54",
    "loudness": -29.985851287841797,
    "dynamic_range": 0.0,
    "temporal_centroid": 0.2975940406322479,
    "log_attack_time": -2.179055690765381,
    "filesize": 5990,
    "single_event": true,
    "hardness": 71.89590988980814,
    "depth": 9.312901951354554,
    "brightness": 82.79020825568325,
    "roughness": 68.9003443306072,
    "warmth": 11.650557352397769,
    "sharpness": 79.42980984612961,
    "boominess": 0.0,
    "reverb": false
}