{
    "duration": 0.2554374933242798,
    "lossless": 1.0,
    "codec": "pcm_s16le",
    "bitrate": 256000.0,
    "samplerate": 16000.0,
    "channels": 1.0,
    "audio_md5": "82d8c006c631bdbf0041385f3b1d1484",
    "loudness": -27.790637969970703,
    "dynamic_range": 0.0,
    "temporal_centroid": 0.5485702157020569,
    "log_attack_time": -1.9650105237960815,
    "filesize": 8218,
    "single_event": true,
    "hardness": 72.58628677534503,
    "depth": 47.0167797604163,
    "brightness": 73.34351684160535,
    "roughness": 59.7640197558658,
    "warmth": 35.76068803517622,
    "sharpness": 62.670965860030265,
    "boominess": 19.884620031144575,
    "reverb": false
}