{
    "duration": 0.34831249713897705,
    "lossless": 1.0,
    "codec": "pcm_s16le",
    "bitrate": 256000.0,
    "samplerate": 16000.0,
    "channels": 1.0,
    "audio_md5": "0da1e0c47cb1a4462aa4b890b44b7c04",
    "loudness": -18.621776580810547,
    "dynamic_range": 0.0,
    "temporal_centroid": 0.29038670659065247,
    "log_attack_time": -1.6873104572296143,
    "filesize": 11190,
    "single_event": true,
    "hardness": 70.49005102222705,
    "depth": 38.8859364380729,
    "brightness": 79.36971526121745,
    "roughness": 71.66855805588098,
    "warmth": 25.049209120941036,
    "sharpness": 68.9042605351448,
    "boominess": 24.053545782396945,
    "reverb": false
}