{
    "duration": 0.7198749780654907,
    "lossless": 1.0,
    "codec": "pcm_s16le",
    "bitrate": 256000.0,
    "samplerate": 16000.0,
    "channels": 1.0,
    "audio_md5": "dbe3828e282cc1e6cd3ed9cd4d2f2195",
    "loudness": -31.45981216430664,
    "dynamic_range": 0.0,
    "temporal_centroid": 0.2726839780807495,
    "log_attack_time": -1.4924561977386475,
    "filesize": 23080,
    "single_event": true,
    "hardness": 68.69281000651202,
    "depth": 38.222094760518814,
    "brightness": 77.37822309874277,
    "roughness": 62.09005478550908,
    "warmth": 19.52706562522345,
    "sharpness": 70.46618139699558,
    "boominess": 14.009133480799868,
    "reverb": false
}