{
    "duration": 0.11612500250339508,
    "lossless": 1.0,
    "codec": "pcm_s16le",
    "bitrate": 256000.0,
    "samplerate": 16000.0,
    "channels": 1.0,
    "audio_md5": "1c5b19af5cbc505387cdfe2a3b1298be",
    "loudness": -19.499422073364258,
    "dynamic_range": 0.0,
    "temporal_centroid": 0.454022616147995,
    "log_attack_time": -1.518632173538208,
    "filesize": 3760,
    "single_event": true,
    "hardness": 59.89023212725658,
    "depth": 67.37689062431184,
    "brightness": 38.42706850920226,
    "roughness": 40.758944441149744,
    "warmth": 56.35393596009355,
    "sharpness": 39.33388383614397,
    "boominess": 38.36147643098624,
    "reverb": false
}