{
    "duration": 0.5573124885559082,
    "lossless": 1.0,
    "codec": "pcm_s16le",
    "bitrate": 256000.0,
    "samplerate": 16000.0,
    "channels": 1.0,
    "audio_md5": "27e923415c09e49afbd1a84b80007880",
    "loudness": -10.522156715393066,
    "dynamic_range": 0.0,
    "temporal_centroid": 0.4388744533061981,
    "log_attack_time": -1.5301612615585327,
    "filesize": 17878,
    "single_event": true,
    "hardness": 69.26605953877001,
    "depth": 22.628639879604982,
    "brightness": 77.15693670603731,
    "roughness": 67.4220533103331,
    "warmth": 29.139058518955757,
    "sharpness": 67.40189273837626,
    "boominess": 0.0,
    "reverb": false
}