{
    "duration": 0.4180000126361847,
    "lossless": 1.0,
    "codec": "pcm_s16le",
    "bitrate": 256000.0,
    "samplerate": 16000.0,
    "channels": 1.0,
    "audio_md5": "b9bf7086352a19917375f60e7790d084",
    "loudness": -20.1007022857666,
    "dynamic_range": 0.0,
    "temporal_centroid": 0.18129342794418335,
    "log_attack_time": -1.8049604892730713,
    "filesize": 13420,
    "single_event": true,
    "hardness": 58.619025953557355,
    "depth": 59.17434018655397,
    "brightness": 48.89491689663494,
    "roughness": 40.85876578810332,
    "warmth": 52.39060238892618,
    "sharpness": 44.573307202338,
    "boominess": 38.197615941161445,
    "reverb": false
}