{
    "duration": 0.508187472820282,
    "lossless": 1.0,
    "codec": "pcm_s16le",
    "bitrate": 256000.0,
    "samplerate": 16000.0,
    "channels": 1.0,
    "audio_md5": "096b250ea8abf0519b66aaed6dd25e83",
    "loudness": -17.82436752319336,
    "dynamic_range": 0.0,
    "temporal_centroid": 0.26740598678588867,
    "log_attack_time": -1.6022570133209229,
    "filesize": 16306,
    "single_event": true,
    "hardness": 17.629691056819695,
    "depth": 68.40253242204825,
    "brightness": 21.035457866088855,
    "roughness": 0,
    "warmth": 62.11506933045426,
    "sharpness": 0.0,
    "boominess": 59.520884080572074,
    "reverb": false
}