{
    "duration": 0.3251250088214874,
    "lossless": 1.0,
    "codec": "pcm_s16le",
    "bitrate": 256000.0,
    "samplerate": 16000.0,
    "channels": 1.0,
    "audio_md5": "e1faec3b09dfa59b9197e1e80e6b5724",
    "loudness": -21.590713500976562,
    "dynamic_range": 0.0,
    "temporal_centroid": 0.24415619671344757,
    "log_attack_time": -1.76937735080719,
    "filesize": 10448,
    "single_event": true,
    "hardness": 22.456568831982622,
    "depth": 70.54122301530857,
    "brightness": 21.247847498949376,
    "roughness": 28.133342501484595,
    "warmth": 61.21065250751465,
    "sharpness": 0.0,
    "boominess": 65.06548430450121,
    "reverb": false
}