{
    "duration": 0.6207500100135803,
    "lossless": 1.0,
    "codec": "pcm_s16le",
    "bitrate": 256000.0,
    "samplerate": 16000.0,
    "channels": 1.0,
    "audio_md5": "7495b17c3f3e6561692b676583338f02",
    "loudness": -23.31550407409668,
    "dynamic_range": 0.0,
    "temporal_centroid": 0.1897706687450409,
    "log_attack_time": -1.7551368474960327,
    "filesize": 19908,
    "single_event": true,
    "hardness": 19.410217051006995,
    "depth": 72.25848944578226,
    "brightness": 17.587443162862527,
    "roughness": 31.927850778947853,
    "warmth": 60.44053016963609,
    "sharpness": 0.0,
    "boominess": 67.29093783209973,
    "reverb": false
}