{
    "duration": 0.20900000631809235,
    "lossless": 1.0,
    "codec": "pcm_s16le",
    "bitrate": 256000.0,
    "samplerate": 16000.0,
    "channels": 1.0,
    "audio_md5": "f7e6a9db2a0a65c89ebc465e16b1e59c",
    "loudness": -25.05467987060547,
    "dynamic_range": 0.0,
    "temporal_centroid": 0.33400657773017883,
    "log_attack_time": -2.1433792114257812,
    "filesize": 6732,
    "single_event": true,
    "hardness": 72.8574217632418,
    "depth": 21.826914631334013,
    "brightness": 79.95634503912939,
    "roughness": 66.99147931716433,
    "warmth": 26.335003681507118,
    "sharpness": 79.36686000263957,
    "boominess": 0.0,
    "reverb": false
}