{
    "duration": 0.2554374933242798,
    "lossless": 1.0,
    "codec": "pcm_s16le",
    "bitrate": 256000.0,
    "samplerate": 16000.0,
    "channels": 1.0,
    "audio_md5": "4851da08379b888f76e19ae1b52eb237",
    "loudness": -25.027830123901367,
    "dynamic_range": 0.0,
    "temporal_centroid": 0.2848568856716156,
    "log_attack_time": -2.1433792114257812,
    "filesize": 8218,
    "single_event": true,
    "hardness": 72.93243214247869,
    "depth": 22.350216205732337,
    "brightness": 79.91748921997744,
    "roughness": 65.77839510369074,
    "warmth": 26.611340624708838,
    "sharpness": 79.32182620468984,
    "boominess": 0.0,
    "reverb": false
}