{
    "duration": 0.2554374933242798,
    "lossless": 1.0,
    "codec": "pcm_s16le",
    "bitrate": 256000.0,
    "samplerate": 16000.0,
    "channels": 1.0,
    "audio_md5": "f2dbde586a2d576f06818f3d6d3574b9",
    "loudness": -20.792165756225586,
    "dynamic_range": 0.0,
    "temporal_centroid": 0.22236785292625427,
    "log_attack_time": -1.8626831769943237,
    "filesize": 8218,
    "single_event": true,
    "hardness": 71.51581293189719,
    "depth": 27.08971037334007,
    "brightness": 78.21861545761433,
    "roughness": 65.47386313497447,
    "warmth": 24.45800751693586,
    "sharpness": 64.72439896960864,
    "boominess": 15.02516287648964,
    "reverb": false
}