{
    "duration": 0.09125000238418579,
    "lossless": 1.0,
    "codec": "pcm_s16le",
    "bitrate": 256000.0,
    "samplerate": 16000.0,
    "channels": 1.0,
    "audio_md5": "2d5ffb7512a3d776ae99b6b32e053906",
    "loudness": -18.210317611694336,
    "dynamic_range": 0.0,
    "temporal_centroid": 0.5400728583335876,
    "log_attack_time": -1.8985834121704102,
    "filesize": 2964,
    "single_event": true,
    "hardness": 44.430698100941754,
    "depth": 69.75153142798479,
    "brightness": 35.502764449388,
    "roughness": 45.37480818086525,
    "warmth": 76.3715034725987,
    "sharpness": 11.835754654742274,
    "boominess": 43.60888636315113,
    "reverb": false
}