{
    "duration": 0.6037499904632568,
    "lossless": 1.0,
    "codec": "pcm_s16le",
    "bitrate": 256000.0,
    "samplerate": 16000.0,
    "channels": 1.0,
    "audio_md5": "c6629ed9eda71b2f82eeeb229b3414b0",
    "loudness": -22.02066993713379,
    "dynamic_range": 0.0,
    "temporal_centroid": 0.21249669790267944,
    "log_attack_time": -1.5202605724334717,
    "filesize": 19364,
    "single_event": true,
    "hardness": 59.59708596527116,
    "depth": 37.40279245506888,
    "brightness": 52.82498143170848,
    "roughness": 39.90789276380488,
    "warmth": 45.483286063634544,
    "sharpness": 35.107002063042806,
    "boominess": 30.101749448251336,
    "reverb": false
}