{
    "duration": 0.48762500286102295,
    "lossless": 1.0,
    "codec": "pcm_s16le",
    "bitrate": 256000.0,
    "samplerate": 16000.0,
    "channels": 1.0,
    "audio_md5": "bc4c29e2c3477485d2a23996e71f3f10",
    "loudness": -21.87704849243164,
    "dynamic_range": 0.0,
    "temporal_centroid": 0.18690472841262817,
    "log_attack_time": -1.682069182395935,
    "filesize": 15648,
    "single_event": true,
    "hardness": 54.18511328150174,
    "depth": 42.36497082030143,
    "brightness": 48.87936717444011,
    "roughness": 37.3261854896567,
    "warmth": 44.67851360901493,
    "sharpness": 35.18328926111455,
    "boominess": 31.511826568661842,
    "reverb": false
}