{
    "duration": 0.6037499904632568,
    "lossless": 1.0,
    "codec": "pcm_s16le",
    "bitrate": 256000.0,
    "samplerate": 16000.0,
    "channels": 1.0,
    "audio_md5": "2a77c81d9c80b00ff15e7de7b6b5aade",
    "loudness": -17.79442596435547,
    "dynamic_range": 0.0,
    "temporal_centroid": 0.19769150018692017,
    "log_attack_time": -1.8893263339996338,
    "filesize": 19364,
    "single_event": true,
    "hardness": 60.43446623104424,
    "depth": 30.422750697670658,
    "brightness": 56.883921901992565,
    "roughness": 47.03400756579608,
    "warmth": 39.5865598243355,
    "sharpness": 42.719824879148725,
    "boominess": 23.034923734400593,
    "reverb": false
}