{
    "duration": 0.7404375076293945,
    "lossless": 1.0,
    "codec": "pcm_s16le",
    "bitrate": 256000.0,
    "samplerate": 16000.0,
    "channels": 1.0,
    "audio_md5": "b543191c8d305d8fc94bfe7de2ee8308",
    "loudness": -22.31110191345215,
    "dynamic_range": 0.0,
    "temporal_centroid": 0.15667834877967834,
    "log_attack_time": -1.7290387153625488,
    "filesize": 23738,
    "single_event": true,
    "hardness": 31.231353391757892,
    "depth": 69.26686586898289,
    "brightness": 32.99842550118555,
    "roughness": 22.737937456280882,
    "warmth": 57.737048497842764,
    "sharpness": 13.3791347983809,
    "boominess": 60.12814856722238,
    "reverb": false
}