{
    "duration": 0.7404375076293945,
    "lossless": 1.0,
    "codec": "pcm_s16le",
    "bitrate": 256000.0,
    "samplerate": 16000.0,
    "channels": 1.0,
    "audio_md5": "134e669f8abc1dc6f8630da2c9b4a2f8",
    "loudness": -24.0314884185791,
    "dynamic_range": 0.0,
    "temporal_centroid": 0.22858880460262299,
    "log_attack_time": -1.703424334526062,
    "filesize": 23738,
    "single_event": true,
    "hardness": 39.13860604016294,
    "depth": 75.40737670739428,
    "brightness": 29.610711785300087,
    "roughness": 28.685704263542736,
    "warmth": 60.88898356753806,
    "sharpness": 27.082445413279338,
    "boominess": 55.84337138202351,
    "reverb": false
}