{
    "duration": 0.9494374990463257,
    "lossless": 1.0,
    "codec": "pcm_s16le",
    "bitrate": 256000.0,
    "samplerate": 16000.0,
    "channels": 1.0,
    "audio_md5": "48893cd977e8bca0755136542a76db36",
    "loudness": -19.122032165527344,
    "dynamic_range": 0.0,
    "temporal_centroid": 0.23562757670879364,
    "log_attack_time": -1.5740312337875366,
    "filesize": 30426,
    "single_event": true,
    "hardness": 39.30446840797043,
    "depth": 74.11801539454348,
    "brightness": 37.66697623846609,
    "roughness": 34.87541541327177,
    "warmth": 57.361826178744124,
    "sharpness": 40.61570181629164,
    "boominess": 48.99448644884938,
    "reverb": false
}