{
    "duration": 0.04650000110268593,
    "lossless": 1.0,
    "codec": "pcm_s16le",
    "bitrate": 256000.0,
    "samplerate": 16000.0,
    "channels": 1.0,
    "audio_md5": "c714fd02060db265c545e8605c332133",
    "loudness": -30.265947341918945,
    "dynamic_range": 0.0,
    "temporal_centroid": 0.5428400039672852,
    "log_attack_time": -2.136582612991333,
    "filesize": 1532,
    "single_event": true,
    "hardness": 72.46291905293572,
    "depth": 4.3837093502728095,
    "brightness": 81.34899652217425,
    "roughness": 70.43549666208561,
    "warmth": 25.023536001178847,
    "sharpness": 79.09595292046258,
    "boominess": 0.0,
    "reverb": false
}