{
    "duration": 0.1393125057220459,
    "lossless": 1.0,
    "codec": "pcm_s16le",
    "bitrate": 256000.0,
    "samplerate": 16000.0,
    "channels": 1.0,
    "audio_md5": "abb3717cb4bd5dd894e713bd55c70c1e",
    "loudness": -21.869800567626953,
    "dynamic_range": 0.0,
    "temporal_centroid": 0.36822643876075745,
    "log_attack_time": -1.9242793321609497,
    "filesize": 4502,
    "single_event": true,
    "hardness": 73.53171604422968,
    "depth": 22.056999520249185,
    "brightness": 72.9847759088574,
    "roughness": 59.732049316798154,
    "warmth": 25.048792561896363,
    "sharpness": 59.69659108076088,
    "boominess": 0.0,
    "reverb": false
}