{
    "duration": 0.1392499953508377,
    "lossless": 1.0,
    "codec": "pcm_s16le",
    "bitrate": 256000.0,
    "samplerate": 16000.0,
    "channels": 1.0,
    "audio_md5": "e5ad6c1a4c26c27a3e2f0f98bdef272e",
    "loudness": -23.50528907775879,
    "dynamic_range": 0.0,
    "temporal_centroid": 0.368045449256897,
    "log_attack_time": -1.945468544960022,
    "filesize": 4500,
    "single_event": true,
    "hardness": 70.97258032412114,
    "depth": 22.53980943231126,
    "brightness": 72.73423220761907,
    "roughness": 59.994579316186865,
    "warmth": 25.54859345486598,
    "sharpness": 58.957910089738185,
    "boominess": 0.0,
    "reverb": false
}