{
    "duration": 0.32506251335144043,
    "lossless": 1.0,
    "codec": "pcm_s16le",
    "bitrate": 256000.0,
    "samplerate": 16000.0,
    "channels": 1.0,
    "audio_md5": "8297cc6d287d3b09eae9c97382a942ca",
    "loudness": -19.824169158935547,
    "dynamic_range": 0.0,
    "temporal_centroid": 0.3484562337398529,
    "log_attack_time": -1.4637393951416016,
    "filesize": 10446,
    "single_event": true,
    "hardness": 63.73155978571262,
    "depth": 6.817429139774319,
    "brightness": 82.26920624270139,
    "roughness": 71.52666508219846,
    "warmth": 16.50152037721446,
    "sharpness": 82.93246289881097,
    "boominess": 0.0,
    "reverb": false
}