{
    "duration": 0.2554374933242798,
    "lossless": 1.0,
    "codec": "pcm_s16le",
    "bitrate": 256000.0,
    "samplerate": 16000.0,
    "channels": 1.0,
    "audio_md5": "d64b39e8b3cecc6731d50fd39dfdda2c",
    "loudness": -15.452410697937012,
    "dynamic_range": 0.0,
    "temporal_centroid": 0.27642104029655457,
    "log_attack_time": -1.8648420572280884,
    "filesize": 8218,
    "single_event": true,
    "hardness": 57.912400906588886,
    "depth": 5.27145649155927,
    "brightness": 77.45555706716424,
    "roughness": 48.620126308510294,
    "warmth": 17.480113690606025,
    "sharpness": 68.60176500616359,
    "boominess": 0.0,
    "reverb": false
}