{
    "duration": 0.3018749952316284,
    "lossless": 1.0,
    "codec": "pcm_s16le",
    "bitrate": 256000.0,
    "samplerate": 16000.0,
    "channels": 1.0,
    "audio_md5": "69888aa6925ce4fab5535a71f7fc083c",
    "loudness": -16.383869171142578,
    "dynamic_range": 0.0,
    "temporal_centroid": 0.21941649913787842,
    "log_attack_time": -1.870652198791504,
    "filesize": 9704,
    "single_event": true,
    "hardness": 68.15814062100793,
    "depth": 2.5760316163445367,
    "brightness": 80.19544877217896,
    "roughness": 44.27369293691839,
    "warmth": 17.885957999685274,
    "sharpness": 76.38333509743703,
    "boominess": 0.0,
    "reverb": false
}