{
    "duration": 0.5340625047683716,
    "lossless": 1.0,
    "codec": "pcm_s16le",
    "bitrate": 256000.0,
    "samplerate": 16000.0,
    "channels": 1.0,
    "audio_md5": "bd2c81e06efadc9afaa3027551dcfde2",
    "loudness": -19.36241912841797,
    "dynamic_range": 0.0,
    "temporal_centroid": 0.22759345173835754,
    "log_attack_time": -1.5963853597640991,
    "filesize": 17134,
    "single_event": true,
    "hardness": 58.74970631302284,
    "depth": 57.52916942572952,
    "brightness": 48.39526016661229,
    "roughness": 40.129439529464946,
    "warmth": 53.92008521995072,
    "sharpness": 40.50267416173339,
    "boominess": 37.778638394352626,
    "reverb": false
}