{
    "duration": 0.1625625044107437,
    "lossless": 1.0,
    "codec": "pcm_s16le",
    "bitrate": 256000.0,
    "samplerate": 16000.0,
    "channels": 1.0,
    "audio_md5": "e66b14d6b2d1f3ac296201939a6ac4d9",
    "loudness": -19.367998123168945,
    "dynamic_range": 0.0,
    "temporal_centroid": 0.3739197552204132,
    "log_attack_time": -1.9351686239242554,
    "filesize": 5246,
    "single_event": true,
    "hardness": 62.20828734694396,
    "depth": 51.31987996358097,
    "brightness": 59.050938315064926,
    "roughness": 60.69153024580616,
    "warmth": 49.82844549925103,
    "sharpness": 52.29841726886827,
    "boominess": 31.714748514605553,
    "reverb": false
}