{
    "duration": 0.20900000631809235,
    "lossless": 1.0,
    "codec": "pcm_s16le",
    "bitrate": 256000.0,
    "samplerate": 16000.0,
    "channels": 1.0,
    "audio_md5": "f5cd9d3783012f7dc023ae7a6f3dddbc",
    "loudness": -24.205751419067383,
    "dynamic_range": 0.0,
    "temporal_centroid": 0.39294859766960144,
    "log_attack_time": -2.0489423274993896,
    "filesize": 6732,
    "single_event": true,
    "hardness": 70.2697094020964,
    "depth": 34.92252500138275,
    "brightness": 72.2515519545562,
    "roughness": 67.49468724267493,
    "warmth": 29.96749789466243,
    "sharpness": 60.637237132388776,
    "boominess": 16.955999091178132,
    "reverb": false
}