{
    "duration": 0.20900000631809235,
    "lossless": 1.0,
    "codec": "pcm_s16le",
    "bitrate": 256000.0,
    "samplerate": 16000.0,
    "channels": 1.0,
    "audio_md5": "0a5deec4451b7ff0dedcf673a4005f10",
    "loudness": -20.478591918945312,
    "dynamic_range": 0.0,
    "temporal_centroid": 0.2840275168418884,
    "log_attack_time": -1.8847707509994507,
    "filesize": 6732,
    "single_event": true,
    "hardness": 68.06332455475032,
    "depth": 48.22413582942922,
    "brightness": 61.4154683758882,
    "roughness": 58.256100583621794,
    "warmth": 43.853577814399465,
    "sharpness": 52.15474515816058,
    "boominess": 32.719416944301486,
    "reverb": false
}