{
    "duration": 0.2786875069141388,
    "lossless": 1.0,
    "codec": "pcm_s16le",
    "bitrate": 256000.0,
    "samplerate": 16000.0,
    "channels": 1.0,
    "audio_md5": "4f5fde51ca61f2b35db70a315c420d7b",
    "loudness": -19.533018112182617,
    "dynamic_range": 0.0,
    "temporal_centroid": 0.40216559171676636,
    "log_attack_time": -1.587533712387085,
    "filesize": 8962,
    "single_event": true,
    "hardness": 64.12560273281491,
    "depth": 20.617004497907487,
    "brightness": 67.01203887665288,
    "roughness": 57.526684257781206,
    "warmth": 35.11492297784097,
    "sharpness": 66.84422906560525,
    "boominess": 0.0,
    "reverb": false
}