{
    "duration": 0.4644375145435333,
    "lossless": 1.0,
    "codec": "pcm_s16le",
    "bitrate": 256000.0,
    "samplerate": 16000.0,
    "channels": 1.0,
    "audio_md5": "199b4bca1560c1b6abc9add7267fd40d",
    "loudness": -24.10340690612793,
    "dynamic_range": 0.0,
    "temporal_centroid": 0.25827643275260925,
    "log_attack_time": -1.8328635692596436,
    "filesize": 14906,
    "single_event": true,
    "hardness": 74.95474122256928,
    "depth": 16.96864293019248,
    "brightness": 76.68804310986687,
    "roughness": 60.53129850579707,
    "warmth": 23.236186264414794,
    "sharpness": 70.42042169649841,
    "boominess": 0.0,
    "reverb": false
}