{
    "duration": 0.23225000500679016,
    "lossless": 1.0,
    "codec": "pcm_s16le",
    "bitrate": 256000.0,
    "samplerate": 16000.0,
    "channels": 1.0,
    "audio_md5": "b375a04f16dc1e2f28e6d3fb97dbbfda",
    "loudness": -25.1055850982666,
    "dynamic_range": 0.0,
    "temporal_centroid": 0.2722315788269043,
    "log_attack_time": -2.3611373901367188,
    "filesize": 7476,
    "single_event": true,
    "hardness": 74.78839134846999,
    "depth": 17.06045439202203,
    "brightness": 79.69006797289268,
    "roughness": 69.49218701630713,
    "warmth": 18.912353777688658,
    "sharpness": 74.7842326771385,
    "boominess": 0.0,
    "reverb": false
}