{
    "duration": 0.4180000126361847,
    "lossless": 1.0,
    "codec": "pcm_s16le",
    "bitrate": 256000.0,
    "samplerate": 16000.0,
    "channels": 1.0,
    "audio_md5": "bed4361d802f6d96793c87305ef0ad98",
    "loudness": -21.175806045532227,
    "dynamic_range": 0.0,
    "temporal_centroid": 0.2932659387588501,
    "log_attack_time": -1.5225505828857422,
    "filesize": 13420,
    "single_event": true,
    "hardness": 62.615565538862626,
    "depth": 6.136056285761931,
    "brightness": 82.50403294981245,
    "roughness": 68.646081226599,
    "warmth": 18.66356181609319,
    "sharpness": 84.71664522493808,
    "boominess": 0.0,
    "reverb": false
}