{
    "duration": 0.3947499990463257,
    "lossless": 1.0,
    "codec": "pcm_s16le",
    "bitrate": 256000.0,
    "samplerate": 16000.0,
    "channels": 1.0,
    "audio_md5": "4b44b81c3361afab80e76bbcaa4624a3",
    "loudness": -19.203947067260742,
    "dynamic_range": 0.0,
    "temporal_centroid": 0.3115234673023224,
    "log_attack_time": -1.6134343147277832,
    "filesize": 12676,
    "single_event": true,
    "hardness": 62.849283133884995,
    "depth": 6.570271922691397,
    "brightness": 82.94367675724833,
    "roughness": 65.79151350675907,
    "warmth": 19.160091277095248,
    "sharpness": 87.37137441520764,
    "boominess": 0.0,
    "reverb": false
}