{
    "duration": 0.6500625014305115,
    "lossless": 1.0,
    "codec": "pcm_s16le",
    "bitrate": 256000.0,
    "samplerate": 16000.0,
    "channels": 1.0,
    "audio_md5": "7b039bee8e591d7fa56d57f8078f3dd9",
    "loudness": -27.16748809814453,
    "dynamic_range": 0.0,
    "temporal_centroid": 0.28099894523620605,
    "log_attack_time": -2.248239278793335,
    "filesize": 20846,
    "single_event": true,
    "hardness": 65.81990394128084,
    "depth": 39.30442773985314,
    "brightness": 73.65138198187302,
    "roughness": 55.0411282169897,
    "warmth": 29.564183039519918,
    "sharpness": 61.974099725045136,
    "boominess": 14.915941455892462,
    "reverb": false
}