{
    "duration": 0.2553749978542328,
    "lossless": 1.0,
    "codec": "pcm_s16le",
    "bitrate": 256000.0,
    "samplerate": 16000.0,
    "channels": 1.0,
    "audio_md5": "ebce76e64bff40876c9489e2cdd986b7",
    "loudness": -16.340517044067383,
    "dynamic_range": 0.0,
    "temporal_centroid": 0.350719690322876,
    "log_attack_time": -1.4611687660217285,
    "filesize": 8216,
    "single_event": true,
    "hardness": 53.2130179779231,
    "depth": 67.95076107615444,
    "brightness": 48.61780939035477,
    "roughness": 52.38269544825972,
    "warmth": 56.47942578653196,
    "sharpness": 41.114502900061595,
    "boominess": 41.88768120707512,
    "reverb": false
}