{
    "duration": 0.3947499990463257,
    "lossless": 1.0,
    "codec": "pcm_s16le",
    "bitrate": 256000.0,
    "samplerate": 16000.0,
    "channels": 1.0,
    "audio_md5": "bc9a9c2fa93acf4d25f74460c96d6bd8",
    "loudness": -21.851137161254883,
    "dynamic_range": 0.0,
    "temporal_centroid": 0.1794859766960144,
    "log_attack_time": -1.8100179433822632,
    "filesize": 12676,
    "single_event": true,
    "hardness": 63.91222225207622,
    "depth": 45.86098838394237,
    "brightness": 71.30538254695257,
    "roughness": 60.582049849269616,
    "warmth": 33.195466198824846,
    "sharpness": 57.964447878866835,
    "boominess": 30.439000773125503,
    "reverb": false
}