{
    "duration": 0.3714999854564667,
    "lossless": 1.0,
    "codec": "pcm_s16le",
    "bitrate": 256000.0,
    "samplerate": 16000.0,
    "channels": 1.0,
    "audio_md5": "5c6cbdce4947aa283cce77dff9932892",
    "loudness": -17.197725296020508,
    "dynamic_range": 0.0,
    "temporal_centroid": 0.33265095949172974,
    "log_attack_time": -1.2542102336883545,
    "filesize": 11932,
    "single_event": true,
    "hardness": 56.122049630306606,
    "depth": 70.64549439774102,
    "brightness": 40.12768140205858,
    "roughness": 37.54113224690046,
    "warmth": 55.32977418530035,
    "sharpness": 28.092780937471613,
    "boominess": 53.96321093372398,
    "reverb": false
}