{
    "duration": 0.3947499990463257,
    "lossless": 1.0,
    "codec": "pcm_s16le",
    "bitrate": 256000.0,
    "samplerate": 16000.0,
    "channels": 1.0,
    "audio_md5": "ed20f29c8d6b5055ef950c7c00b29d3f",
    "loudness": -15.157439231872559,
    "dynamic_range": 0.0,
    "temporal_centroid": 0.26126745343208313,
    "log_attack_time": -1.3889248371124268,
    "filesize": 12676,
    "single_event": true,
    "hardness": 55.64101934806379,
    "depth": 69.22937420888984,
    "brightness": 41.890180158223515,
    "roughness": 32.715680078914374,
    "warmth": 54.27675929454922,
    "sharpness": 45.21239997045219,
    "boominess": 45.669011423105545,
    "reverb": false
}