{
    "duration": 0.34831249713897705,
    "lossless": 1.0,
    "codec": "pcm_s16le",
    "bitrate": 256000.0,
    "samplerate": 16000.0,
    "channels": 1.0,
    "audio_md5": "0b5c26d2f22aed9d0234f78a0f41d4ee",
    "loudness": -15.534900665283203,
    "dynamic_range": 0.0,
    "temporal_centroid": 0.2336464822292328,
    "log_attack_time": -1.7512317895889282,
    "filesize": 11190,
    "single_event": true,
    "hardness": 39.47911465274497,
    "depth": 62.638480905958566,
    "brightness": 28.14502402232035,
    "roughness": 0,
    "warmth": 63.05181040541535,
    "sharpness": 9.902920707116596,
    "boominess": 49.57632435907098,
    "reverb": false
}