{
    "duration": 0.6966249942779541,
    "lossless": 1.0,
    "codec": "pcm_s16le",
    "bitrate": 256000.0,
    "samplerate": 16000.0,
    "channels": 1.0,
    "audio_md5": "2768daa398f001a645fb0256a7aa6c9b",
    "loudness": -15.512654304504395,
    "dynamic_range": 0.0,
    "temporal_centroid": 0.16212010383605957,
    "log_attack_time": -1.5513672828674316,
    "filesize": 22336,
    "single_event": true,
    "hardness": 70.78683501662596,
    "depth": 34.03734412669676,
    "brightness": 81.6966192695104,
    "roughness": 59.53496674135718,
    "warmth": 9.022170257990112,
    "sharpness": 77.35884773212719,
    "boominess": 16.6965836202745,
    "reverb": false
}