{
    "duration": 0.06968750059604645,
    "lossless": 1.0,
    "codec": "pcm_s16le",
    "bitrate": 256000.0,
    "samplerate": 16000.0,
    "channels": 1.0,
    "audio_md5": "bdd61739a0fbe9646e783004f9588222",
    "loudness": -29.830286026000977,
    "dynamic_range": 0.0,
    "temporal_centroid": 0.5409528017044067,
    "log_attack_time": -1.9032869338989258,
    "filesize": 2274,
    "single_event": true,
    "hardness": 72.00826892212717,
    "depth": 5.356480416476302,
    "brightness": 83.45570449694554,
    "roughness": 70.01002311937111,
    "warmth": 20.873043213323385,
    "sharpness": 86.40821733816063,
    "boominess": 0.0,
    "reverb": false
}