{
    "duration": 0.7430624961853027,
    "lossless": 1.0,
    "codec": "pcm_s16le",
    "bitrate": 256000.0,
    "samplerate": 16000.0,
    "channels": 1.0,
    "audio_md5": "79b13616602daa22a4b250e9b27a1d5e",
    "loudness": -27.82783317565918,
    "dynamic_range": 0.0,
    "temporal_centroid": 0.22295106947422028,
    "log_attack_time": -1.961391568183899,
    "filesize": 23822,
    "single_event": true,
    "hardness": 50.044786269799715,
    "depth": 73.42394289380395,
    "brightness": 33.93835230781913,
    "roughness": 34.057242074334845,
    "warmth": 57.46360651041347,
    "sharpness": 30.388408596073745,
    "boominess": 49.30529096570308,
    "reverb": false
}