{
    "duration": 0.3018749952316284,
    "lossless": 1.0,
    "codec": "pcm_s16le",
    "bitrate": 256000.0,
    "samplerate": 16000.0,
    "channels": 1.0,
    "audio_md5": "a4500fd5fa2ab2112cac84b3ee5a9ce1",
    "loudness": -14.428323745727539,
    "dynamic_range": 0.0,
    "temporal_centroid": 0.36487847566604614,
    "log_attack_time": -1.60304594039917,
    "filesize": 9704,
    "single_event": true,
    "hardness": 36.415395148657865,
    "depth": 70.12167968479993,
    "brightness": 26.18512131199133,
    "roughness": 0,
    "warmth": 59.03798810956837,
    "sharpness": 38.712030385211804,
    "boominess": 51.43887411146898,
    "reverb": false
}