{
    "duration": 0.4411875009536743,
    "lossless": 1.0,
    "codec": "pcm_s16le",
    "bitrate": 256000.0,
    "samplerate": 16000.0,
    "channels": 1.0,
    "audio_md5": "2e688094c4b112e693b7ce37bc6fc236",
    "loudness": -20.62095832824707,
    "dynamic_range": 0.0,
    "temporal_centroid": 0.16658788919448853,
    "log_attack_time": -1.8787699937820435,
    "filesize": 14162,
    "single_event": true,
    "hardness": 68.23437431585643,
    "depth": 45.03167649376449,
    "brightness": 61.95324612332679,
    "roughness": 56.92697909951183,
    "warmth": 40.07350554622156,
    "sharpness": 48.011255071333125,
    "boominess": 35.63890758245728,
    "reverb": false
}