{
    "duration": 0.10275000333786011,
    "lossless": 1.0,
    "codec": "pcm_s16le",
    "bitrate": 256000.0,
    "samplerate": 16000.0,
    "channels": 1.0,
    "audio_md5": "acfff9f3dc475e62498c4b853d7667c8",
    "loudness": -22.294105529785156,
    "dynamic_range": 0.0,
    "temporal_centroid": 0.4703754484653473,
    "log_attack_time": -2.106619358062744,
    "filesize": 3332,
    "single_event": true,
    "hardness": 48.88629996733877,
    "depth": 69.50737833648361,
    "brightness": 39.24432969412037,
    "roughness": 38.89019896100325,
    "warmth": 59.44089880365494,
    "sharpness": 40.10933407141071,
    "boominess": 48.96097268655356,
    "reverb": false
}