{
    "duration": 0.1978124976158142,
    "lossless": 1.0,
    "codec": "pcm_s16le",
    "bitrate": 256000.0,
    "samplerate": 16000.0,
    "channels": 1.0,
    "audio_md5": "a78b74c652363328d56f0f6c3ff5185c",
    "loudness": -21.79286003112793,
    "dynamic_range": 0.0,
    "temporal_centroid": 0.2871115505695343,
    "log_attack_time": -1.8100179433822632,
    "filesize": 6374,
    "single_event": true,
    "hardness": 67.61349896574569,
    "depth": 55.304022201223844,
    "brightness": 63.020886032437524,
    "roughness": 60.057522168440485,
    "warmth": 44.016820658927784,
    "sharpness": 52.8388463580653,
    "boominess": 33.443090204138684,
    "reverb": false
}