{
    "duration": 0.08275000005960464,
    "lossless": 1.0,
    "codec": "pcm_s16le",
    "bitrate": 256000.0,
    "samplerate": 16000.0,
    "channels": 1.0,
    "audio_md5": "a152ad696f7cbca06aed3fe6b180ac07",
    "loudness": -21.27406120300293,
    "dynamic_range": 0.0,
    "temporal_centroid": 0.5405390858650208,
    "log_attack_time": -1.5232070684432983,
    "filesize": 2692,
    "single_event": true,
    "hardness": 47.003577519877666,
    "depth": 68.03436658861438,
    "brightness": 42.20034551247601,
    "roughness": 33.10508322661114,
    "warmth": 70.27640633305319,
    "sharpness": 35.260970704266285,
    "boominess": 43.33530021644682,
    "reverb": false
}