{
    "duration": 0.25999999046325684,
    "lossless": 1.0,
    "codec": "pcm_s16le",
    "bitrate": 256000.0,
    "samplerate": 16000.0,
    "channels": 1.0,
    "audio_md5": "5db9d0cbaf7dca8ef7bf45bac9dfa22a",
    "loudness": -17.361337661743164,
    "dynamic_range": 0.0,
    "temporal_centroid": 0.3163520097732544,
    "log_attack_time": -1.4600311517715454,
    "filesize": 8364,
    "single_event": true,
    "hardness": 67.3723305509881,
    "depth": 6.124067343560533,
    "brightness": 75.96101525023278,
    "roughness": 52.00065556919945,
    "warmth": 21.703496967776037,
    "sharpness": 67.97547534253093,
    "boominess": 16.40046530999241,
    "reverb": false
}