{
    "duration": 0.34831249713897705,
    "lossless": 1.0,
    "codec": "pcm_s16le",
    "bitrate": 256000.0,
    "samplerate": 16000.0,
    "channels": 1.0,
    "audio_md5": "42ee84a0712bfdf5a4117d2ae938bf1d",
    "loudness": -23.6304874420166,
    "dynamic_range": 0.0,
    "temporal_centroid": 0.17709021270275116,
    "log_attack_time": -2.1285648345947266,
    "filesize": 11190,
    "single_event": true,
    "hardness": 73.02267560645717,
    "depth": 30.27073313571824,
    "brightness": 64.88443735276127,
    "roughness": 53.96803725451871,
    "warmth": 29.91380849009748,
    "sharpness": 53.20453190432266,
    "boominess": 11.583410355543444,
    "reverb": false
}