{
    "duration": 0.5339375138282776,
    "lossless": 1.0,
    "codec": "pcm_s16le",
    "bitrate": 256000.0,
    "samplerate": 16000.0,
    "channels": 1.0,
    "audio_md5": "a853de822b4fd9a7ea8f9e6d76723d4f",
    "loudness": -16.911348342895508,
    "dynamic_range": 0.0,
    "temporal_centroid": 0.321821928024292,
    "log_attack_time": -1.3255409002304077,
    "filesize": 17130,
    "single_event": true,
    "hardness": 61.224136618256125,
    "depth": 71.36119135456269,
    "brightness": 46.84989049200397,
    "roughness": 45.13681927583882,
    "warmth": 56.73390935650252,
    "sharpness": 45.8498337261113,
    "boominess": 41.58011270817872,
    "reverb": false
}