{
    "duration": 0.09149999916553497,
    "lossless": 1.0,
    "codec": "pcm_s16le",
    "bitrate": 256000.0,
    "samplerate": 16000.0,
    "channels": 1.0,
    "audio_md5": "f210e652aec7b48f513dacf455e4df34",
    "loudness": -28.37226676940918,
    "dynamic_range": 0.0,
    "temporal_centroid": 0.592389702796936,
    "log_attack_time": -1.7348825931549072,
    "filesize": 2972,
    "single_event": true,
    "hardness": 77.43992737492258,
    "depth": 34.374168907987006,
    "brightness": 81.40908851278985,
    "roughness": 72.7339702612836,
    "warmth": 31.77618869672906,
    "sharpness": 73.53406821903314,
    "boominess": 18.903620049346717,
    "reverb": false
}