{
    "duration": 0.13587500154972076,
    "lossless": 1.0,
    "codec": "pcm_s16le",
    "bitrate": 256000.0,
    "samplerate": 16000.0,
    "channels": 1.0,
    "audio_md5": "62ff5c81a2225fb0e8495cad4d48bca9",
    "loudness": -26.218849182128906,
    "dynamic_range": 0.0,
    "temporal_centroid": 0.37380120158195496,
    "log_attack_time": -1.858397364616394,
    "filesize": 4392,
    "single_event": true,
    "hardness": 67.07442961265636,
    "depth": 100.0,
    "brightness": 51.63634555000293,
    "roughness": 47.299131212249435,
    "warmth": 44.64459946227192,
    "sharpness": 48.80166678023032,
    "boominess": 30.668127926525123,
    "reverb": false
}