{
    "duration": 0.2554374933242798,
    "lossless": 1.0,
    "codec": "pcm_s16le",
    "bitrate": 256000.0,
    "samplerate": 16000.0,
    "channels": 1.0,
    "audio_md5": "2a8df74e58baf714f3596fe2f62ed322",
    "loudness": -18.089609146118164,
    "dynamic_range": 0.0,
    "temporal_centroid": 0.2328559160232544,
    "log_attack_time": -1.5736621618270874,
    "filesize": 8218,
    "single_event": true,
    "hardness": 59.902631951896694,
    "depth": 67.714569011243,
    "brightness": 47.42615679517802,
    "roughness": 37.4843829354333,
    "warmth": 48.868087045661824,
    "sharpness": 55.49611506943677,
    "boominess": 46.52127636489672,
    "reverb": false
}