{
    "duration": 0.2554374933242798,
    "lossless": 1.0,
    "codec": "pcm_s16le",
    "bitrate": 256000.0,
    "samplerate": 16000.0,
    "channels": 1.0,
    "audio_md5": "59450f4e8b4334367e9262dfecbd2e4d",
    "loudness": -16.872333526611328,
    "dynamic_range": 0.0,
    "temporal_centroid": 0.30939197540283203,
    "log_attack_time": -1.7495689392089844,
    "filesize": 8218,
    "single_event": true,
    "hardness": 56.855816234508524,
    "depth": 68.66033818946151,
    "brightness": 45.88859640364191,
    "roughness": 49.45218710425777,
    "warmth": 55.439564712416924,
    "sharpness": 43.83423451841303,
    "boominess": 43.37709902319418,
    "reverb": false
}