{
    "duration": 0.4411875009536743,
    "lossless": 1.0,
    "codec": "pcm_s16le",
    "bitrate": 256000.0,
    "samplerate": 16000.0,
    "channels": 1.0,
    "audio_md5": "2673477007d5c65c242a7af4d22b10ca",
    "loudness": -20.250612258911133,
    "dynamic_range": 0.0,
    "temporal_centroid": 0.20400495827198029,
    "log_attack_time": -1.77053701877594,
    "filesize": 14162,
    "single_event": true,
    "hardness": 71.24832598811747,
    "depth": 41.948242290947846,
    "brightness": 69.16536689296001,
    "roughness": 63.8789036787352,
    "warmth": 34.88743024601538,
    "sharpness": 56.007438205686185,
    "boominess": 28.37945671850995,
    "reverb": false
}