{
    "duration": 0.5573124885559082,
    "lossless": 1.0,
    "codec": "pcm_s16le",
    "bitrate": 256000.0,
    "samplerate": 16000.0,
    "channels": 1.0,
    "audio_md5": "1d7df45359eca8b2c5254f1c7233eac8",
    "loudness": -27.864013671875,
    "dynamic_range": 0.0,
    "temporal_centroid": 0.1632101833820343,
    "log_attack_time": -2.209869623184204,
    "filesize": 17878,
    "single_event": true,
    "hardness": 73.58617798648078,
    "depth": 37.71920084019325,
    "brightness": 72.78411425530199,
    "roughness": 60.37222663621309,
    "warmth": 29.92862812254443,
    "sharpness": 65.76026367862701,
    "boominess": 23.41357718850449,
    "reverb": false
}