{
    "duration": 0.4180000126361847,
    "lossless": 1.0,
    "codec": "pcm_s16le",
    "bitrate": 256000.0,
    "samplerate": 16000.0,
    "channels": 1.0,
    "audio_md5": "f56a376acc2275ba7d877f9b62291eed",
    "loudness": -20.255369186401367,
    "dynamic_range": 0.0,
    "temporal_centroid": 0.15542738139629364,
    "log_attack_time": -1.7129807472229004,
    "filesize": 13420,
    "single_event": true,
    "hardness": 74.04878902552116,
    "depth": 42.381448357176886,
    "brightness": 73.13905808074634,
    "roughness": 61.338352326579525,
    "warmth": 32.487917756853705,
    "sharpness": 57.628995729327926,
    "boominess": 31.474507335186484,
    "reverb": false
}