{
    "duration": 0.48762500286102295,
    "lossless": 1.0,
    "codec": "pcm_s16le",
    "bitrate": 256000.0,
    "samplerate": 16000.0,
    "channels": 1.0,
    "audio_md5": "1f6ff5de4ec5b9cbfa278d4820619cc1",
    "loudness": -20.54596519470215,
    "dynamic_range": 0.0,
    "temporal_centroid": 0.16225935518741608,
    "log_attack_time": -1.677358865737915,
    "filesize": 15648,
    "single_event": true,
    "hardness": 72.9953822612645,
    "depth": 45.40064581795323,
    "brightness": 70.22436859827266,
    "roughness": 60.77449104028959,
    "warmth": 35.16475697936631,
    "sharpness": 57.02271355747329,
    "boominess": 34.72143966987508,
    "reverb": false
}