{
    "duration": 0.6734374761581421,
    "lossless": 1.0,
    "codec": "pcm_s16le",
    "bitrate": 256000.0,
    "samplerate": 16000.0,
    "channels": 1.0,
    "audio_md5": "e97bfb0973bbdbc68ec0aaedd6c76807",
    "loudness": -22.48201560974121,
    "dynamic_range": 0.0,
    "temporal_centroid": 0.1900947242975235,
    "log_attack_time": -1.490319013595581,
    "filesize": 21594,
    "single_event": true,
    "hardness": 74.94897828698771,
    "depth": 42.22151671038115,
    "brightness": 68.89425781152636,
    "roughness": 65.28278405226662,
    "warmth": 32.27199602514276,
    "sharpness": 57.09609024939715,
    "boominess": 26.317509161845024,
    "reverb": false
}