{
    "duration": 0.5805000066757202,
    "lossless": 1.0,
    "codec": "pcm_s16le",
    "bitrate": 256000.0,
    "samplerate": 16000.0,
    "channels": 1.0,
    "audio_md5": "992c7511c3d03d91daa4a5664b78d565",
    "loudness": -21.58790397644043,
    "dynamic_range": 0.0,
    "temporal_centroid": 0.17456252872943878,
    "log_attack_time": -1.85627019405365,
    "filesize": 18620,
    "single_event": true,
    "hardness": 65.92284063619459,
    "depth": 48.482161938996526,
    "brightness": 67.42654092751442,
    "roughness": 58.88917411816012,
    "warmth": 36.2705478767258,
    "sharpness": 54.456901271292175,
    "boominess": 35.956463606843954,
    "reverb": false
}