{
    "duration": 0.3947499990463257,
    "lossless": 1.0,
    "codec": "pcm_s16le",
    "bitrate": 256000.0,
    "samplerate": 16000.0,
    "channels": 1.0,
    "audio_md5": "8ce37a19528f3f5213bba9ce5b7d2e8b",
    "loudness": -23.731449127197266,
    "dynamic_range": 0.0,
    "temporal_centroid": 0.17588898539543152,
    "log_attack_time": -2.1180992126464844,
    "filesize": 12676,
    "single_event": true,
    "hardness": 73.10215522664231,
    "depth": 31.060482049730517,
    "brightness": 75.5574023623661,
    "roughness": 64.8775039077425,
    "warmth": 23.809508636017497,
    "sharpness": 65.00805551221013,
    "boominess": 14.651934448931394,
    "reverb": false
}