{
    "duration": 0.4644375145435333,
    "lossless": 1.0,
    "codec": "pcm_s16le",
    "bitrate": 256000.0,
    "samplerate": 16000.0,
    "channels": 1.0,
    "audio_md5": "01ddb86b36e8fd901f16c533e0c56a89",
    "loudness": -22.2326717376709,
    "dynamic_range": 0.0,
    "temporal_centroid": 0.17093037068843842,
    "log_attack_time": -1.6122229099273682,
    "filesize": 14906,
    "single_event": true,
    "hardness": 71.98339051219725,
    "depth": 35.4539180521063,
    "brightness": 62.778892015075385,
    "roughness": 57.05135162174935,
    "warmth": 34.21329044185369,
    "sharpness": 57.15977714299605,
    "boominess": 31.348903074116777,
    "reverb": false
}