{
    "duration": 0.5573124885559082,
    "lossless": 1.0,
    "codec": "pcm_s16le",
    "bitrate": 256000.0,
    "samplerate": 16000.0,
    "channels": 1.0,
    "audio_md5": "1fa78ec8f72fff32a7a2d13df8654480",
    "loudness": -24.516780853271484,
    "dynamic_range": 0.0,
    "temporal_centroid": 0.1739588975906372,
    "log_attack_time": -1.8328635692596436,
    "filesize": 17878,
    "single_event": true,
    "hardness": 72.48263882944673,
    "depth": 31.958456956270567,
    "brightness": 72.8947739470531,
    "roughness": 66.39086499037934,
    "warmth": 25.655468875011127,
    "sharpness": 59.338055814411476,
    "boominess": 24.471099714605316,
    "reverb": false
}