{
    "duration": 0.6037499904632568,
    "lossless": 1.0,
    "codec": "pcm_s16le",
    "bitrate": 256000.0,
    "samplerate": 16000.0,
    "channels": 1.0,
    "audio_md5": "ac2cea48408c2666a06c8e93eda0f74f",
    "loudness": -23.514629364013672,
    "dynamic_range": 0.0,
    "temporal_centroid": 0.13752375543117523,
    "log_attack_time": -2.2345054149627686,
    "filesize": 19364,
    "single_event": true,
    "hardness": 72.63497349782477,
    "depth": 36.69465803670548,
    "brightness": 76.88494498132329,
    "roughness": 60.44580265399822,
    "warmth": 25.89687749015663,
    "sharpness": 69.20475604086684,
    "boominess": 16.40346876229582,
    "reverb": false
}