{
    "duration": 0.34831249713897705,
    "lossless": 1.0,
    "codec": "pcm_s16le",
    "bitrate": 256000.0,
    "samplerate": 16000.0,
    "channels": 1.0,
    "audio_md5": "58aa24d654e195cb28bf54caa95b24f9",
    "loudness": -25.903310775756836,
    "dynamic_range": 0.0,
    "temporal_centroid": 0.1675693392753601,
    "log_attack_time": -2.170222282409668,
    "filesize": 11190,
    "single_event": true,
    "hardness": 74.3197860554373,
    "depth": 33.42937093077504,
    "brightness": 77.83998997520422,
    "roughness": 63.62983999372962,
    "warmth": 23.641016396739328,
    "sharpness": 70.26761577564251,
    "boominess": 15.048171819151186,
    "reverb": false
}