{
    "duration": 0.3251250088214874,
    "lossless": 1.0,
    "codec": "pcm_s16le",
    "bitrate": 256000.0,
    "samplerate": 16000.0,
    "channels": 1.0,
    "audio_md5": "b6ab44986b55f07523b33c1ea8fa80d1",
    "loudness": -22.873117446899414,
    "dynamic_range": 0.0,
    "temporal_centroid": 0.19794337451457977,
    "log_attack_time": -1.6094093322753906,
    "filesize": 10448,
    "single_event": true,
    "hardness": 74.09160989848681,
    "depth": 35.28411972007952,
    "brightness": 70.39749327003145,
    "roughness": 65.60810717775969,
    "warmth": 28.733684626338857,
    "sharpness": 58.276096494308156,
    "boominess": 22.834164302277088,
    "reverb": false
}