{
    "duration": 0.5340625047683716,
    "lossless": 1.0,
    "codec": "pcm_s16le",
    "bitrate": 256000.0,
    "samplerate": 16000.0,
    "channels": 1.0,
    "audio_md5": "f4949127517f4dce1dfbfd0b6d55f3eb",
    "loudness": -23.811328887939453,
    "dynamic_range": 0.0,
    "temporal_centroid": 0.1652068942785263,
    "log_attack_time": -1.8634016513824463,
    "filesize": 17134,
    "single_event": true,
    "hardness": 69.17967163107576,
    "depth": 36.37196168574994,
    "brightness": 70.27387493386024,
    "roughness": 63.852878330020346,
    "warmth": 27.943075311492848,
    "sharpness": 56.89082679838462,
    "boominess": 26.4056099142806,
    "reverb": false
}