{
    "duration": 0.6037499904632568,
    "lossless": 1.0,
    "codec": "pcm_s16le",
    "bitrate": 256000.0,
    "samplerate": 16000.0,
    "channels": 1.0,
    "audio_md5": "3edfb7e9e0a039f0e57b2aa2bca5ef3d",
    "loudness": -21.978342056274414,
    "dynamic_range": 0.0,
    "temporal_centroid": 0.17546001076698303,
    "log_attack_time": -1.4563542604446411,
    "filesize": 19364,
    "single_event": true,
    "hardness": 72.20753491488864,
    "depth": 48.07389304875451,
    "brightness": 69.66510202360874,
    "roughness": 63.49575368553448,
    "warmth": 34.91569491536312,
    "sharpness": 56.96203488902205,
    "boominess": 30.71565299816299,
    "reverb": false
}