{
    "duration": 0.6734374761581421,
    "lossless": 1.0,
    "codec": "pcm_s16le",
    "bitrate": 256000.0,
    "samplerate": 16000.0,
    "channels": 1.0,
    "audio_md5": "275056ebb71f8afa30093abad9eeb567",
    "loudness": -23.010507583618164,
    "dynamic_range": 0.0,
    "temporal_centroid": 0.16355443000793457,
    "log_attack_time": -1.8931595087051392,
    "filesize": 21594,
    "single_event": true,
    "hardness": 72.16261012412059,
    "depth": 52.28823317829589,
    "brightness": 67.44262461330305,
    "roughness": 57.518694376163694,
    "warmth": 35.25553060218215,
    "sharpness": 59.88830567565863,
    "boominess": 29.65877373592218,
    "reverb": false
}