{
    "duration": 0.6269999742507935,
    "lossless": 1.0,
    "codec": "pcm_s16le",
    "bitrate": 256000.0,
    "samplerate": 16000.0,
    "channels": 1.0,
    "audio_md5": "cfe30d914254c2bbed7c137825dadb87",
    "loudness": -21.571136474609375,
    "dynamic_range": 0.0,
    "temporal_centroid": 0.15759041905403137,
    "log_attack_time": -1.8485585451126099,
    "filesize": 20108,
    "single_event": true,
    "hardness": 72.81905704949469,
    "depth": 49.2357786232934,
    "brightness": 68.64369086300294,
    "roughness": 58.89050997446522,
    "warmth": 35.944936944502714,
    "sharpness": 56.467715849902916,
    "boominess": 34.99452982379095,
    "reverb": false
}