{
    "duration": 0.6501874923706055,
    "lossless": 1.0,
    "codec": "pcm_s16le",
    "bitrate": 256000.0,
    "samplerate": 16000.0,
    "channels": 1.0,
    "audio_md5": "74ff745751e24b8b2c967c527af43d4d",
    "loudness": -21.690868377685547,
    "dynamic_range": 0.0,
    "temporal_centroid": 0.16071557998657227,
    "log_attack_time": -1.6911622285842896,
    "filesize": 20850,
    "single_event": true,
    "hardness": 66.9696660367847,
    "depth": 51.95521701865134,
    "brightness": 67.70952906939851,
    "roughness": 59.83076595579439,
    "warmth": 36.92718707741765,
    "sharpness": 56.066918955352,
    "boominess": 35.65043236027218,
    "reverb": false
}