{
    "duration": 0.4180000126361847,
    "lossless": 1.0,
    "codec": "pcm_s16le",
    "bitrate": 256000.0,
    "samplerate": 16000.0,
    "channels": 1.0,
    "audio_md5": "39c15c4bb297c750bd7409230fe815f7",
    "loudness": -22.268705368041992,
    "dynamic_range": 0.0,
    "temporal_centroid": 0.16249603033065796,
    "log_attack_time": -1.827534794807434,
    "filesize": 13420,
    "single_event": true,
    "hardness": 64.35463660880771,
    "depth": 40.787032436391954,
    "brightness": 58.225571022524036,
    "roughness": 52.59932482240434,
    "warmth": 37.71944063407809,
    "sharpness": 47.89815509197674,
    "boominess": 27.639042614475613,
    "reverb": false
}