{
    "duration": 0.23225000500679016,
    "lossless": 1.0,
    "codec": "pcm_s16le",
    "bitrate": 256000.0,
    "samplerate": 16000.0,
    "channels": 1.0,
    "audio_md5": "0d73bed6a492d8c41d73ff55476fb6f9",
    "loudness": -23.821218490600586,
    "dynamic_range": 0.0,
    "temporal_centroid": 0.2553836703300476,
    "log_attack_time": -1.7682207822799683,
    "filesize": 7476,
    "single_event": true,
    "hardness": 67.89318234740182,
    "depth": 40.40466339972151,
    "brightness": 68.02874713937666,
    "roughness": 67.6167154443278,
    "warmth": 31.701180477132013,
    "sharpness": 59.65264974976189,
    "boominess": 26.595423769852374,
    "reverb": false
}