{
    "duration": 0.4411875009536743,
    "lossless": 1.0,
    "codec": "pcm_s16le",
    "bitrate": 256000.0,
    "samplerate": 16000.0,
    "channels": 1.0,
    "audio_md5": "9b9fc1faacc1a65273f55ef5206bd165",
    "loudness": -25.59536361694336,
    "dynamic_range": 0.0,
    "temporal_centroid": 0.1495921015739441,
    "log_attack_time": -2.2535035610198975,
    "filesize": 14162,
    "single_event": true,
    "hardness": 73.43434904759306,
    "depth": 34.359837951038074,
    "brightness": 78.4360723665953,
    "roughness": 60.73746144639084,
    "warmth": 24.230819940630436,
    "sharpness": 72.822541906709,
    "boominess": 10.969844761447884,
    "reverb": false
}