{
    "duration": 0.2554374933242798,
    "lossless": 1.0,
    "codec": "pcm_s16le",
    "bitrate": 256000.0,
    "samplerate": 16000.0,
    "channels": 1.0,
    "audio_md5": "8e5e2d3cbc687dbb3a6928d9d7eeb263",
    "loudness": -26.190481185913086,
    "dynamic_range": 0.0,
    "temporal_centroid": 0.2262210100889206,
    "log_attack_time": -2.1116843223571777,
    "filesize": 8218,
    "single_event": true,
    "hardness": 74.8534101346956,
    "depth": 36.0595881288272,
    "brightness": 78.0579522380194,
    "roughness": 68.11098105050065,
    "warmth": 23.58228091670867,
    "sharpness": 69.99334523752421,
    "boominess": 16.517993353532585,
    "reverb": false
}