{
    "duration": 0.2786875069141388,
    "lossless": 1.0,
    "codec": "pcm_s16le",
    "bitrate": 256000.0,
    "samplerate": 16000.0,
    "channels": 1.0,
    "audio_md5": "36124324a04f0f2297921fa321a320ab",
    "loudness": -21.124900817871094,
    "dynamic_range": 0.0,
    "temporal_centroid": 0.22422711551189423,
    "log_attack_time": -1.7397230863571167,
    "filesize": 8962,
    "single_event": true,
    "hardness": 73.44676128369218,
    "depth": 31.99307368633118,
    "brightness": 68.74117902444726,
    "roughness": 65.63766946968597,
    "warmth": 28.83035575693679,
    "sharpness": 58.194477033453,
    "boominess": 26.458722997263337,
    "reverb": false
}