{
    "duration": 0.2786875069141388,
    "lossless": 1.0,
    "codec": "pcm_s16le",
    "bitrate": 256000.0,
    "samplerate": 16000.0,
    "channels": 1.0,
    "audio_md5": "0befbfeb5a3b7a9c4eeea7ce564dce22",
    "loudness": -22.01935386657715,
    "dynamic_range": 0.0,
    "temporal_centroid": 0.2287042737007141,
    "log_attack_time": -1.652327060699463,
    "filesize": 8962,
    "single_event": true,
    "hardness": 72.16690737849802,
    "depth": 39.633118095603464,
    "brightness": 68.57886590951038,
    "roughness": 66.75876687596681,
    "warmth": 29.796853762206943,
    "sharpness": 60.56303188755713,
    "boominess": 27.291300413701357,
    "reverb": false
}