{
    "duration": 0.5340625047683716,
    "lossless": 1.0,
    "codec": "pcm_s16le",
    "bitrate": 256000.0,
    "samplerate": 16000.0,
    "channels": 1.0,
    "audio_md5": "a4d5e148bdf101fcdc55a2a7e125a9a7",
    "loudness": -20.807498931884766,
    "dynamic_range": 0.0,
    "temporal_centroid": 0.1425347626209259,
    "log_attack_time": -1.994131088256836,
    "filesize": 17134,
    "single_event": true,
    "hardness": 68.48641435895246,
    "depth": 39.44295990691445,
    "brightness": 56.90111694105122,
    "roughness": 51.1085056910035,
    "warmth": 36.450213017388094,
    "sharpness": 53.64727774734152,
    "boominess": 25.867567654668857,
    "reverb": false
}