{
    "duration": 0.5573124885559082,
    "lossless": 1.0,
    "codec": "pcm_s16le",
    "bitrate": 256000.0,
    "samplerate": 16000.0,
    "channels": 1.0,
    "audio_md5": "b7ae00954c1766a4c7374b65eae3847f",
    "loudness": -23.065279006958008,
    "dynamic_range": 0.0,
    "temporal_centroid": 0.14050742983818054,
    "log_attack_time": -2.0099613666534424,
    "filesize": 17878,
    "single_event": true,
    "hardness": 66.51045567724316,
    "depth": 37.26618703824606,
    "brightness": 58.13289250508751,
    "roughness": 53.26734841491642,
    "warmth": 35.50569294425191,
    "sharpness": 54.369912708191414,
    "boominess": 26.537428111044076,
    "reverb": false
}