{
    "duration": 0.6037499904632568,
    "lossless": 1.0,
    "codec": "pcm_s16le",
    "bitrate": 256000.0,
    "samplerate": 16000.0,
    "channels": 1.0,
    "audio_md5": "a3dccada2ab71394fba5f06b3978e978",
    "loudness": -22.41230583190918,
    "dynamic_range": 0.0,
    "temporal_centroid": 0.14591316878795624,
    "log_attack_time": -1.5444128513336182,
    "filesize": 19364,
    "single_event": true,
    "hardness": 72.75497911098631,
    "depth": 50.770799396066586,
    "brightness": 67.36375754827553,
    "roughness": 60.72928423482675,
    "warmth": 34.13363375244324,
    "sharpness": 55.25373497049918,
    "boominess": 31.960804750154406,
    "reverb": false
}