{
    "duration": 0.9056249856948853,
    "lossless": 1.0,
    "codec": "pcm_s16le",
    "bitrate": 256000.0,
    "samplerate": 16000.0,
    "channels": 1.0,
    "audio_md5": "939c99a6c9b3929346c7f4680c3ece88",
    "loudness": -20.69072151184082,
    "dynamic_range": 0.0,
    "temporal_centroid": 0.17910732328891754,
    "log_attack_time": -1.407397747039795,
    "filesize": 29024,
    "single_event": true,
    "hardness": 72.85881219858447,
    "depth": 48.19802350493866,
    "brightness": 68.66036567778315,
    "roughness": 63.19968885738973,
    "warmth": 35.546001537931424,
    "sharpness": 56.966473394289444,
    "boominess": 25.276597572406562,
    "reverb": false
}