{
    "duration": 0.6037499904632568,
    "lossless": 1.0,
    "codec": "pcm_s16le",
    "bitrate": 256000.0,
    "samplerate": 16000.0,
    "channels": 1.0,
    "audio_md5": "906a3e40dee98f1f7e6b3b28c9b66313",
    "loudness": -21.78965950012207,
    "dynamic_range": 0.0,
    "temporal_centroid": 0.1893133819103241,
    "log_attack_time": -1.415268898010254,
    "filesize": 19364,
    "single_event": true,
    "hardness": 73.78585740556156,
    "depth": 25.72140414571919,
    "brightness": 71.29058905881982,
    "roughness": 66.34730244625496,
    "warmth": 27.137134548770483,
    "sharpness": 60.03455581967303,
    "boominess": 7.474784196468455,
    "reverb": false
}