{
    "duration": 0.5805000066757202,
    "lossless": 1.0,
    "codec": "pcm_s16le",
    "bitrate": 256000.0,
    "samplerate": 16000.0,
    "channels": 1.0,
    "audio_md5": "2f292c1e0e817d47407ae55028b3447c",
    "loudness": -23.294729232788086,
    "dynamic_range": 0.0,
    "temporal_centroid": 0.17128702998161316,
    "log_attack_time": -1.5531234741210938,
    "filesize": 18620,
    "single_event": true,
    "hardness": 71.47305911965807,
    "depth": 26.40404092231153,
    "brightness": 63.89834459134343,
    "roughness": 56.73880838518425,
    "warmth": 33.46856959707179,
    "sharpness": 49.41152243204861,
    "boominess": 19.101162188793595,
    "reverb": false
}