{
    "duration": 0.5573124885559082,
    "lossless": 1.0,
    "codec": "pcm_s16le",
    "bitrate": 256000.0,
    "samplerate": 16000.0,
    "channels": 1.0,
    "audio_md5": "52ca9da6c9e590d8d9d9b175876f4c6b",
    "loudness": -21.904863357543945,
    "dynamic_range": 0.0,
    "temporal_centroid": 0.17056487500667572,
    "log_attack_time": -1.6950485706329346,
    "filesize": 17878,
    "single_event": true,
    "hardness": 76.21235251464125,
    "depth": 26.38115241542875,
    "brightness": 72.54068960218729,
    "roughness": 65.09853277116959,
    "warmth": 25.587792757409076,
    "sharpness": 59.36994475468097,
    "boominess": 14.810901591262922,
    "reverb": false
}