{
    "duration": 0.4180000126361847,
    "lossless": 1.0,
    "codec": "pcm_s16le",
    "bitrate": 256000.0,
    "samplerate": 16000.0,
    "channels": 1.0,
    "audio_md5": "66ec53942c8495b8e2bab91c871eba2a",
    "loudness": -23.788591384887695,
    "dynamic_range": 0.0,
    "temporal_centroid": 0.14672644436359406,
    "log_attack_time": -2.1926522254943848,
    "filesize": 13420,
    "single_event": true,
    "hardness": 71.01583698619305,
    "depth": 33.75124727890196,
    "brightness": 64.4759124584321,
    "roughness": 54.28720564949702,
    "warmth": 35.658265293229675,
    "sharpness": 47.22296291878732,
    "boominess": 25.937824654746763,
    "reverb": false
}