{
    "duration": 0.2786875069141388,
    "lossless": 1.0,
    "codec": "pcm_s16le",
    "bitrate": 256000.0,
    "samplerate": 16000.0,
    "channels": 1.0,
    "audio_md5": "295b2060d516131c3f50b5ac75c03e6d",
    "loudness": -26.1173038482666,
    "dynamic_range": 0.0,
    "temporal_centroid": 0.20580127835273743,
    "log_attack_time": -1.965010643005371,
    "filesize": 8962,
    "single_event": true,
    "hardness": 75.94980412149789,
    "depth": 24.83786841550115,
    "brightness": 69.75820451387324,
    "roughness": 62.09614946685077,
    "warmth": 29.398914975077084,
    "sharpness": 53.307093166148434,
    "boominess": 12.422696095785756,
    "reverb": false
}