{
    "duration": 0.4180000126361847,
    "lossless": 1.0,
    "codec": "pcm_s16le",
    "bitrate": 256000.0,
    "samplerate": 16000.0,
    "channels": 1.0,
    "audio_md5": "e62a226720a7dbc498c0f44222bfca3a",
    "loudness": -23.3138484954834,
    "dynamic_range": 0.0,
    "temporal_centroid": 0.22882448136806488,
    "log_attack_time": -1.4666136503219604,
    "filesize": 13420,
    "single_event": true,
    "hardness": 72.35632232303234,
    "depth": 31.370553581177738,
    "brightness": 74.95513986782652,
    "roughness": 67.76573035653878,
    "warmth": 30.074548781635585,
    "sharpness": 60.17313132675057,
    "boominess": 19.22809431891892,
    "reverb": false
}