{
    "duration": 0.6269999742507935,
    "lossless": 1.0,
    "codec": "pcm_s16le",
    "bitrate": 256000.0,
    "samplerate": 16000.0,
    "channels": 1.0,
    "audio_md5": "4a6bb0ff84ba272eb16bc32a26185213",
    "loudness": -20.183332443237305,
    "dynamic_range": 0.0,
    "temporal_centroid": 0.14336416125297546,
    "log_attack_time": -1.5656194686889648,
    "filesize": 20108,
    "single_event": true,
    "hardness": 74.21633756976803,
    "depth": 33.751311766399574,
    "brightness": 74.2636766685199,
    "roughness": 62.40215907445837,
    "warmth": 29.022639306841484,
    "sharpness": 59.5255933590453,
    "boominess": 25.756651351444532,
    "reverb": false
}