{
    "duration": 0.5108749866485596,
    "lossless": 1.0,
    "codec": "pcm_s16le",
    "bitrate": 256000.0,
    "samplerate": 16000.0,
    "channels": 1.0,
    "audio_md5": "e4a6d12f7737cf8009c1d7dcc4c25a26",
    "loudness": -24.601022720336914,
    "dynamic_range": 0.0,
    "temporal_centroid": 0.17523500323295593,
    "log_attack_time": -1.9704965353012085,
    "filesize": 16392,
    "single_event": true,
    "hardness": 71.68758464101887,
    "depth": 27.673361024107287,
    "brightness": 69.66394203662065,
    "roughness": 60.31534728545143,
    "warmth": 30.68257853469668,
    "sharpness": 58.58893663633963,
    "boominess": 16.973055647856743,
    "reverb": false
}