{
    "duration": 0.4180000126361847,
    "lossless": 1.0,
    "codec": "pcm_s16le",
    "bitrate": 256000.0,
    "samplerate": 16000.0,
    "channels": 1.0,
    "audio_md5": "b44aa09b0977aed27405aa93b1962d1e",
    "loudness": -22.930036544799805,
    "dynamic_range": 0.0,
    "temporal_centroid": 0.17462806403636932,
    "log_attack_time": -1.8840161561965942,
    "filesize": 13420,
    "single_event": true,
    "hardness": 75.64174151398106,
    "depth": 25.154620154820435,
    "brightness": 76.96341104181457,
    "roughness": 66.1463867668011,
    "warmth": 24.17340669572159,
    "sharpness": 64.03465704251175,
    "boominess": 15.28961129251879,
    "reverb": false
}