{
    "duration": 0.4644375145435333,
    "lossless": 1.0,
    "codec": "pcm_s16le",
    "bitrate": 256000.0,
    "samplerate": 16000.0,
    "channels": 1.0,
    "audio_md5": "2433ffd8054785aa5696b4f56a1f1dc9",
    "loudness": -20.984418869018555,
    "dynamic_range": 0.0,
    "temporal_centroid": 0.19869977235794067,
    "log_attack_time": -1.7775607109069824,
    "filesize": 14906,
    "single_event": true,
    "hardness": 71.13938421614492,
    "depth": 26.239268607087652,
    "brightness": 72.28261976546253,
    "roughness": 65.25604258237713,
    "warmth": 25.720592594067845,
    "sharpness": 58.75239814015268,
    "boominess": 18.59162019019028,
    "reverb": false
}