{
    "duration": 0.3947499990463257,
    "lossless": 1.0,
    "codec": "pcm_s16le",
    "bitrate": 256000.0,
    "samplerate": 16000.0,
    "channels": 1.0,
    "audio_md5": "ff60eae31c9f053af3f45b8b3d499a95",
    "loudness": -23.29783058166504,
    "dynamic_range": 0.0,
    "temporal_centroid": 0.21014562249183655,
    "log_attack_time": -1.7811157703399658,
    "filesize": 12676,
    "single_event": true,
    "hardness": 70.76232419064044,
    "depth": 24.770989121691365,
    "brightness": 74.0688374512583,
    "roughness": 68.02928135299346,
    "warmth": 27.042232256926592,
    "sharpness": 58.92087569667214,
    "boominess": 11.597074743009742,
    "reverb": false
}