{
    "duration": 0.4180000126361847,
    "lossless": 1.0,
    "codec": "pcm_s16le",
    "bitrate": 256000.0,
    "samplerate": 16000.0,
    "channels": 1.0,
    "audio_md5": "93a568e5dedbe3cab9c22376f2090f0a",
    "loudness": -26.364572525024414,
    "dynamic_range": 0.0,
    "temporal_centroid": 0.19121025502681732,
    "log_attack_time": -1.8100179433822632,
    "filesize": 13420,
    "single_event": true,
    "hardness": 74.44101106674378,
    "depth": 23.789008517524458,
    "brightness": 73.985752458284,
    "roughness": 67.46051496277173,
    "warmth": 27.950777387195913,
    "sharpness": 58.14102714647365,
    "boominess": 15.259230902226268,
    "reverb": false
}