{
    "duration": 0.4180000126361847,
    "lossless": 1.0,
    "codec": "pcm_s16le",
    "bitrate": 256000.0,
    "samplerate": 16000.0,
    "channels": 1.0,
    "audio_md5": "9d2b718f895719fcd8a63e444433835d",
    "loudness": -19.986303329467773,
    "dynamic_range": 0.0,
    "temporal_centroid": 0.19181765615940094,
    "log_attack_time": -1.866287350654602,
    "filesize": 13420,
    "single_event": true,
    "hardness": 70.80230276970335,
    "depth": 25.956832360101515,
    "brightness": 73.60803300156408,
    "roughness": 66.56256120075481,
    "warmth": 26.967419361002264,
    "sharpness": 59.71127702499827,
    "boominess": 17.441216732252627,
    "reverb": false
}