{
    "duration": 0.3018749952316284,
    "lossless": 1.0,
    "codec": "pcm_s16le",
    "bitrate": 256000.0,
    "samplerate": 16000.0,
    "channels": 1.0,
    "audio_md5": "43df934e742ae8d9c8275e0a434462d1",
    "loudness": -22.397268295288086,
    "dynamic_range": 0.0,
    "temporal_centroid": 0.19174842536449432,
    "log_attack_time": -1.7653427124023438,
    "filesize": 9704,
    "single_event": true,
    "hardness": 77.43748566457703,
    "depth": 26.974579115389915,
    "brightness": 75.17285860688789,
    "roughness": 64.9189437163907,
    "warmth": 26.20075214886598,
    "sharpness": 60.00609197867091,
    "boominess": 17.266372546321257,
    "reverb": false
}