{
    "duration": 0.06968750059604645,
    "lossless": 1.0,
    "codec": "pcm_s16le",
    "bitrate": 256000.0,
    "samplerate": 16000.0,
    "channels": 1.0,
    "audio_md5": "c2535e39f98731d473f0362f42e49be3",
    "loudness": -34.192317962646484,
    "dynamic_range": 0.0,
    "temporal_centroid": 0.5768237113952637,
    "log_attack_time": -1.6253223419189453,
    "filesize": 2274,
    "single_event": true,
    "hardness": 65.69029773185198,
    "depth": 1.2507581579358913,
    "brightness": 83.85551620475216,
    "roughness": 71.03746233554621,
    "warmth": 23.62032274124721,
    "sharpness": 89.20036372144952,
    "boominess": 0.0,
    "reverb": false
}