{
    "duration": 0.28575000166893005,
    "lossless": 1.0,
    "codec": "pcm_s16le",
    "bitrate": 256000.0,
    "samplerate": 16000.0,
    "channels": 1.0,
    "audio_md5": "73b6454d6caa13c2753a9a92d8b5502e",
    "loudness": -34.090179443359375,
    "dynamic_range": 0.0,
    "temporal_centroid": 0.5075189471244812,
    "log_attack_time": -1.2038443088531494,
    "filesize": 9188,
    "single_event": true,
    "hardness": 65.4539227127404,
    "depth": 5.538398185485605,
    "brightness": 83.84132188669732,
    "roughness": 73.35308740665857,
    "warmth": 20.144809560702253,
    "sharpness": 89.72614309230724,
    "boominess": 0.0,
    "reverb": false
}