{
    "duration": 0.4644375145435333,
    "lossless": 1.0,
    "codec": "pcm_s16le",
    "bitrate": 256000.0,
    "samplerate": 16000.0,
    "channels": 1.0,
    "audio_md5": "7b9836a9ea011e8d87b54826f2da5bd6",
    "loudness": -19.18564224243164,
    "dynamic_range": 0.0,
    "temporal_centroid": 0.15723858773708344,
    "log_attack_time": -1.6244919300079346,
    "filesize": 14906,
    "single_event": true,
    "hardness": 71.9811393000592,
    "depth": 34.1170969441052,
    "brightness": 72.62608449980414,
    "roughness": 61.02365307890298,
    "warmth": 30.385674692640137,
    "sharpness": 57.58257311068181,
    "boominess": 28.507477908452977,
    "reverb": false
}