{
    "duration": 0.6269999742507935,
    "lossless": 1.0,
    "codec": "pcm_s16le",
    "bitrate": 256000.0,
    "samplerate": 16000.0,
    "channels": 1.0,
    "audio_md5": "ea0343498bdd3e2c8e95fbf76fdb0f1b",
    "loudness": -22.197385787963867,
    "dynamic_range": 0.0,
    "temporal_centroid": 0.17875313758850098,
    "log_attack_time": -1.5335123538970947,
    "filesize": 20108,
    "single_event": true,
    "hardness": 64.2529625611703,
    "depth": 55.96426709997402,
    "brightness": 48.29699042682765,
    "roughness": 48.81502094166111,
    "warmth": 54.170463444183554,
    "sharpness": 41.04144358554991,
    "boominess": 34.35309659285252,
    "reverb": false
}