{
    "duration": 0.5108749866485596,
    "lossless": 1.0,
    "codec": "pcm_s16le",
    "bitrate": 256000.0,
    "samplerate": 16000.0,
    "channels": 1.0,
    "audio_md5": "5f0f33de93b443126fde02ebf2095f37",
    "loudness": -20.289289474487305,
    "dynamic_range": 0.0,
    "temporal_centroid": 0.15871548652648926,
    "log_attack_time": -1.7787425518035889,
    "filesize": 16392,
    "single_event": true,
    "hardness": 73.32547607057273,
    "depth": 32.556634619229925,
    "brightness": 75.31651412197189,
    "roughness": 59.74130009098491,
    "warmth": 31.33462351144886,
    "sharpness": 58.76507600832906,
    "boominess": 28.210701782391453,
    "reverb": false
}