{
    "duration": 0.2786875069141388,
    "lossless": 1.0,
    "codec": "pcm_s16le",
    "bitrate": 256000.0,
    "samplerate": 16000.0,
    "channels": 1.0,
    "audio_md5": "8713146e00b64c1a4d2a157b51e230b8",
    "loudness": -25.29767417907715,
    "dynamic_range": 0.0,
    "temporal_centroid": 0.22948743402957916,
    "log_attack_time": -2.0738956928253174,
    "filesize": 8962,
    "single_event": true,
    "hardness": 75.85642003227574,
    "depth": 26.478471971973363,
    "brightness": 76.83294479388229,
    "roughness": 69.44370306704143,
    "warmth": 24.466698928433672,
    "sharpness": 66.8148793139961,
    "boominess": 13.466734083555533,
    "reverb": false
}