{
    "duration": 0.8591874837875366,
    "lossless": 1.0,
    "codec": "pcm_s16le",
    "bitrate": 256000.0,
    "samplerate": 16000.0,
    "channels": 1.0,
    "audio_md5": "cacab8cb298d06efb06f8d2c449ab809",
    "loudness": -22.766115188598633,
    "dynamic_range": 0.0,
    "temporal_centroid": 0.18834233283996582,
    "log_attack_time": -1.5099427700042725,
    "filesize": 27538,
    "single_event": true,
    "hardness": 71.72586347186495,
    "depth": 31.74278332072287,
    "brightness": 60.650748770686185,
    "roughness": 56.67199512566807,
    "warmth": 37.252758299876156,
    "sharpness": 48.97257579284542,
    "boominess": 17.28598165924718,
    "reverb": false
}