{
    "duration": 0.4180000126361847,
    "lossless": 1.0,
    "codec": "pcm_s16le",
    "bitrate": 256000.0,
    "samplerate": 16000.0,
    "channels": 1.0,
    "audio_md5": "d2b9a2f1a4fd61bea95e12c1999a4ef7",
    "loudness": -23.507577896118164,
    "dynamic_range": 0.0,
    "temporal_centroid": 0.1655050814151764,
    "log_attack_time": -1.8430348634719849,
    "filesize": 13420,
    "single_event": true,
    "hardness": 71.55043978008825,
    "depth": 26.524172421496523,
    "brightness": 73.91300359949221,
    "roughness": 63.4357557679187,
    "warmth": 26.350564669243848,
    "sharpness": 59.102022611570305,
    "boominess": 18.79258198551027,
    "reverb": false
}