{
    "duration": 0.9520624876022339,
    "lossless": 1.0,
    "codec": "pcm_s16le",
    "bitrate": 256000.0,
    "samplerate": 16000.0,
    "channels": 1.0,
    "audio_md5": "5c2afaf486081e092a237d5c103ceef6",
    "loudness": -22.28080177307129,
    "dynamic_range": 0.0,
    "temporal_centroid": 0.16113173961639404,
    "log_attack_time": -1.4878894090652466,
    "filesize": 30510,
    "single_event": true,
    "hardness": 66.91094226835031,
    "depth": 49.46533329505604,
    "brightness": 52.23006073693837,
    "roughness": 51.164304733026015,
    "warmth": 45.864469049337096,
    "sharpness": 43.14957961147998,
    "boominess": 31.00304791935484,
    "reverb": false
}