{
    "duration": 0.5805000066757202,
    "lossless": 1.0,
    "codec": "pcm_s16le",
    "bitrate": 256000.0,
    "samplerate": 16000.0,
    "channels": 1.0,
    "audio_md5": "69974c4d5ae979ddc4c539a56b8633ca",
    "loudness": -24.091327667236328,
    "dynamic_range": 0.0,
    "temporal_centroid": 0.1737959086894989,
    "log_attack_time": -1.6667150259017944,
    "filesize": 18620,
    "single_event": true,
    "hardness": 74.44718688567636,
    "depth": 35.749590414468585,
    "brightness": 73.1487237426202,
    "roughness": 61.910847211653596,
    "warmth": 29.953840685913864,
    "sharpness": 57.784714985900976,
    "boominess": 26.88535586196467,
    "reverb": false
}