{
    "duration": 0.5340625047683716,
    "lossless": 1.0,
    "codec": "pcm_s16le",
    "bitrate": 256000.0,
    "samplerate": 16000.0,
    "channels": 1.0,
    "audio_md5": "d7d10efcb3e7675d794fef68377532a7",
    "loudness": -21.4218807220459,
    "dynamic_range": 0.0,
    "temporal_centroid": 0.19138744473457336,
    "log_attack_time": -1.547181248664856,
    "filesize": 17134,
    "single_event": true,
    "hardness": 73.46442992583363,
    "depth": 33.7942039404121,
    "brightness": 70.60820603008281,
    "roughness": 65.44781000900642,
    "warmth": 30.205341958934763,
    "sharpness": 57.6335873738537,
    "boominess": 21.449279766605066,
    "reverb": false
}