{
    "duration": 0.6501874923706055,
    "lossless": 1.0,
    "codec": "pcm_s16le",
    "bitrate": 256000.0,
    "samplerate": 16000.0,
    "channels": 1.0,
    "audio_md5": "0bc4a8985a6be55e948f4a337bebe6d7",
    "loudness": -20.5483341217041,
    "dynamic_range": 0.0,
    "temporal_centroid": 0.19079118967056274,
    "log_attack_time": -1.4160382747650146,
    "filesize": 20850,
    "single_event": true,
    "hardness": 74.10786748516188,
    "depth": 31.199993079975123,
    "brightness": 70.88058334529691,
    "roughness": 65.5160257009299,
    "warmth": 28.909849482090472,
    "sharpness": 59.35062590386247,
    "boominess": 13.420443145327955,
    "reverb": false
}