{
    "duration": 0.7663124799728394,
    "lossless": 1.0,
    "codec": "pcm_s16le",
    "bitrate": 256000.0,
    "samplerate": 16000.0,
    "channels": 1.0,
    "audio_md5": "1cbcc02899d3ac519596b2e86a8609b4",
    "loudness": -22.77008819580078,
    "dynamic_range": 0.0,
    "temporal_centroid": 0.17828132212162018,
    "log_attack_time": -1.3976938724517822,
    "filesize": 24566,
    "single_event": true,
    "hardness": 75.50291893724574,
    "depth": 22.797548541355823,
    "brightness": 69.53598079080726,
    "roughness": 64.21707592641786,
    "warmth": 27.569952064333005,
    "sharpness": 60.89746799222527,
    "boominess": 10.994325683054548,
    "reverb": false
}