{
    "duration": 0.4644375145435333,
    "lossless": 1.0,
    "codec": "pcm_s16le",
    "bitrate": 256000.0,
    "samplerate": 16000.0,
    "channels": 1.0,
    "audio_md5": "e43e1edd4a3cc39bf1220eabb7cb83c4",
    "loudness": -21.65349006652832,
    "dynamic_range": 0.0,
    "temporal_centroid": 0.1526070088148117,
    "log_attack_time": -1.8157787322998047,
    "filesize": 14906,
    "single_event": true,
    "hardness": 68.9469118901097,
    "depth": 42.813069815077895,
    "brightness": 70.47969876005239,
    "roughness": 62.392040934553464,
    "warmth": 29.968841370324107,
    "sharpness": 58.92436158770806,
    "boominess": 22.165400891288314,
    "reverb": false
}