{
    "duration": 0.5805000066757202,
    "lossless": 1.0,
    "codec": "pcm_s16le",
    "bitrate": 256000.0,
    "samplerate": 16000.0,
    "channels": 1.0,
    "audio_md5": "d5a7af4451d93d11a55de78f975a0d37",
    "loudness": -27.042644500732422,
    "dynamic_range": 0.0,
    "temporal_centroid": 0.17194804549217224,
    "log_attack_time": -1.8478642702102661,
    "filesize": 18620,
    "single_event": true,
    "hardness": 67.15816543912325,
    "depth": 49.089806354654485,
    "brightness": 64.3760935451628,
    "roughness": 53.172842442403926,
    "warmth": 35.14352710484246,
    "sharpness": 51.58888657451422,
    "boominess": 27.98257016651162,
    "reverb": false
}