{
    "duration": 0.6966249942779541,
    "lossless": 1.0,
    "codec": "pcm_s16le",
    "bitrate": 256000.0,
    "samplerate": 16000.0,
    "channels": 1.0,
    "audio_md5": "0f814f2f8ff6abc41ef2a8a7ae98c836",
    "loudness": -24.823225021362305,
    "dynamic_range": 0.0,
    "temporal_centroid": 0.1573302000761032,
    "log_attack_time": -1.9586968421936035,
    "filesize": 22336,
    "single_event": true,
    "hardness": 69.58973172078694,
    "depth": 35.959128247122536,
    "brightness": 72.01567382030498,
    "roughness": 58.21820409890384,
    "warmth": 30.61507561400792,
    "sharpness": 65.11983293508801,
    "boominess": 18.143227878011437,
    "reverb": false
}