{
    "duration": 0.9752500057220459,
    "lossless": 1.0,
    "codec": "pcm_s16le",
    "bitrate": 256000.0,
    "samplerate": 16000.0,
    "channels": 1.0,
    "audio_md5": "deb3a0a4f16359f134e59e1c84148595",
    "loudness": -22.563072204589844,
    "dynamic_range": 0.0,
    "temporal_centroid": 0.15728390216827393,
    "log_attack_time": -1.5179824829101562,
    "filesize": 31252,
    "single_event": true,
    "hardness": 60.721828283046676,
    "depth": 60.48396389799452,
    "brightness": 44.932066914675275,
    "roughness": 43.584153857477105,
    "warmth": 53.368856348714914,
    "sharpness": 40.57682543102945,
    "boominess": 37.59782780599212,
    "reverb": false
}