{
    "duration": 0.6734374761581421,
    "lossless": 1.0,
    "codec": "pcm_s16le",
    "bitrate": 256000.0,
    "samplerate": 16000.0,
    "channels": 1.0,
    "audio_md5": "e272ec57a1c5e1e8fb7c5142728a94a6",
    "loudness": -21.12822914123535,
    "dynamic_range": 0.0,
    "temporal_centroid": 0.2063453644514084,
    "log_attack_time": -1.3541812896728516,
    "filesize": 21594,
    "single_event": true,
    "hardness": 73.0452741312719,
    "depth": 33.56686505337856,
    "brightness": 70.68364686681721,
    "roughness": 67.13172912240505,
    "warmth": 29.517457984762665,
    "sharpness": 57.40551230638923,
    "boominess": 18.26650731478781,
    "reverb": false
}