{
    "duration": 0.4411875009536743,
    "lossless": 1.0,
    "codec": "pcm_s16le",
    "bitrate": 256000.0,
    "samplerate": 16000.0,
    "channels": 1.0,
    "audio_md5": "165cc54ab9e48a2c44910abe31b94ea3",
    "loudness": -23.139554977416992,
    "dynamic_range": 0.0,
    "temporal_centroid": 0.18048931658267975,
    "log_attack_time": -1.7327483892440796,
    "filesize": 14162,
    "single_event": true,
    "hardness": 69.15169046818588,
    "depth": 32.74814812679325,
    "brightness": 66.7553330332621,
    "roughness": 60.871807373218545,
    "warmth": 33.43138126751424,
    "sharpness": 55.3473174493416,
    "boominess": 19.963388116799997,
    "reverb": false
}