{
    "duration": 0.5108749866485596,
    "lossless": 1.0,
    "codec": "pcm_s16le",
    "bitrate": 256000.0,
    "samplerate": 16000.0,
    "channels": 1.0,
    "audio_md5": "d61739c1600aaf0070ae4e42a5d3781e",
    "loudness": -24.4711971282959,
    "dynamic_range": 0.0,
    "temporal_centroid": 0.17418433725833893,
    "log_attack_time": -1.8068500757217407,
    "filesize": 16392,
    "single_event": true,
    "hardness": 71.1652133446444,
    "depth": 33.60649072929201,
    "brightness": 65.37098761553649,
    "roughness": 59.38800826102022,
    "warmth": 34.9383393165117,
    "sharpness": 55.172439107131346,
    "boominess": 23.638463029166235,
    "reverb": false
}