{
    "duration": 0.8823750019073486,
    "lossless": 1.0,
    "codec": "pcm_s16le",
    "bitrate": 256000.0,
    "samplerate": 16000.0,
    "channels": 1.0,
    "audio_md5": "66212cddfb1cb2d3dcc03e53e6cd002b",
    "loudness": -23.026214599609375,
    "dynamic_range": 0.0,
    "temporal_centroid": 0.15313932299613953,
    "log_attack_time": -1.4137343168258667,
    "filesize": 28280,
    "single_event": true,
    "hardness": 69.0178564763271,
    "depth": 33.91580244844001,
    "brightness": 70.54249795467214,
    "roughness": 61.82497291293496,
    "warmth": 28.115221328837492,
    "sharpness": 59.20244103648078,
    "boominess": 15.242511836365555,
    "reverb": false
}