{
    "duration": 0.7198749780654907,
    "lossless": 1.0,
    "codec": "pcm_s16le",
    "bitrate": 256000.0,
    "samplerate": 16000.0,
    "channels": 1.0,
    "audio_md5": "a78818a0b496cb25474f903636fe7f8d",
    "loudness": -22.383705139160156,
    "dynamic_range": 0.0,
    "temporal_centroid": 0.18458469212055206,
    "log_attack_time": -1.4096683263778687,
    "filesize": 23080,
    "single_event": true,
    "hardness": 71.26142836743767,
    "depth": 31.39605079861628,
    "brightness": 68.69411128816347,
    "roughness": 63.67684351476669,
    "warmth": 31.59899383545337,
    "sharpness": 58.932301463343606,
    "boominess": 15.06674750651371,
    "reverb": false
}