{
    "duration": 0.6966249942779541,
    "lossless": 1.0,
    "codec": "pcm_s16le",
    "bitrate": 256000.0,
    "samplerate": 16000.0,
    "channels": 1.0,
    "audio_md5": "5a2b3272f24ae70dfd70d6516f159cbe",
    "loudness": -23.727659225463867,
    "dynamic_range": 0.0,
    "temporal_centroid": 0.1652068793773651,
    "log_attack_time": -1.6328681707382202,
    "filesize": 22336,
    "single_event": true,
    "hardness": 70.84980614943083,
    "depth": 32.09470191069438,
    "brightness": 74.50868507265275,
    "roughness": 63.121882045420556,
    "warmth": 29.497871090008303,
    "sharpness": 60.52306429743636,
    "boominess": 23.439757291683797,
    "reverb": false
}