{
    "duration": 0.4034999907016754,
    "lossless": 1.0,
    "codec": "pcm_s16le",
    "bitrate": 256000.0,
    "samplerate": 16000.0,
    "channels": 1.0,
    "audio_md5": "dd663e0d931433eb0708f1d267f612d8",
    "loudness": -23.779802322387695,
    "dynamic_range": 0.0,
    "temporal_centroid": 0.3200485408306122,
    "log_attack_time": -1.3670586347579956,
    "filesize": 12956,
    "single_event": true,
    "hardness": 63.098859273970476,
    "depth": 66.34057379473941,
    "brightness": 53.4369643256335,
    "roughness": 56.91967938893507,
    "warmth": 54.46393985458543,
    "sharpness": 43.18765211909868,
    "boominess": 37.605961821971675,
    "reverb": false
}