{
    "duration": 0.5442500114440918,
    "lossless": 1.0,
    "codec": "pcm_s16le",
    "bitrate": 256000.0,
    "samplerate": 16000.0,
    "channels": 1.0,
    "audio_md5": "87c0aec0ad47b8e5f1b37dc93d3baad0",
    "loudness": -20.6409969329834,
    "dynamic_range": 0.0,
    "temporal_centroid": 0.2658641040325165,
    "log_attack_time": -1.5080351829528809,
    "filesize": 17460,
    "single_event": true,
    "hardness": 51.11006018049744,
    "depth": 72.38519017258027,
    "brightness": 41.941888252288294,
    "roughness": 28.695277019702043,
    "warmth": 56.837208517616624,
    "sharpness": 43.85012851635632,
    "boominess": 46.57594655523801,
    "reverb": false
}