{
    "duration": 0.48762500286102295,
    "lossless": 1.0,
    "codec": "pcm_s16le",
    "bitrate": 256000.0,
    "samplerate": 16000.0,
    "channels": 1.0,
    "audio_md5": "ad3eb04caba027c991cbeaae61c2ed2d",
    "loudness": -21.09560775756836,
    "dynamic_range": 0.0,
    "temporal_centroid": 0.31049272418022156,
    "log_attack_time": -1.8093825578689575,
    "filesize": 15648,
    "single_event": true,
    "hardness": 50.05405891960939,
    "depth": 66.1748641512048,
    "brightness": 45.27530662723588,
    "roughness": 35.11311941023499,
    "warmth": 58.53767866917908,
    "sharpness": 36.391071472769724,
    "boominess": 44.49146655705472,
    "reverb": false
}