{
    "duration": 0.20881250500679016,
    "lossless": 1.0,
    "codec": "pcm_s16le",
    "bitrate": 256000.0,
    "samplerate": 16000.0,
    "channels": 1.0,
    "audio_md5": "cc3eb0e74553c097a3289a6e41cd8862",
    "loudness": -22.84657859802246,
    "dynamic_range": 0.0,
    "temporal_centroid": 0.26831984519958496,
    "log_attack_time": -1.8893263339996338,
    "filesize": 6726,
    "single_event": true,
    "hardness": 71.76790156798569,
    "depth": 8.925228063215599,
    "brightness": 75.01668270584182,
    "roughness": 58.956749913088075,
    "warmth": 16.161988308288322,
    "sharpness": 65.72939332357191,
    "boominess": 4.019367549577211,
    "reverb": false
}