{
    "duration": 0.20900000631809235,
    "lossless": 1.0,
    "codec": "pcm_s16le",
    "bitrate": 256000.0,
    "samplerate": 16000.0,
    "channels": 1.0,
    "audio_md5": "abe89b14b9e7decb3e70bf7dfb9dd4c0",
    "loudness": -19.717086791992188,
    "dynamic_range": 0.0,
    "temporal_centroid": 0.2607915997505188,
    "log_attack_time": -2.006948947906494,
    "filesize": 6732,
    "single_event": true,
    "hardness": 76.68471929356929,
    "depth": 38.32201140441171,
    "brightness": 77.48399779048064,
    "roughness": 64.10621708848122,
    "warmth": 22.619544310724486,
    "sharpness": 67.0054531603915,
    "boominess": 14.51000128070435,
    "reverb": false
}