{
    "duration": 0.09293749928474426,
    "lossless": 1.0,
    "codec": "pcm_s16le",
    "bitrate": 256000.0,
    "samplerate": 16000.0,
    "channels": 1.0,
    "audio_md5": "63edc38ddd65479dc1fe3ee15dd4fc73",
    "loudness": -25.562746047973633,
    "dynamic_range": 0.0,
    "temporal_centroid": 0.5250999927520752,
    "log_attack_time": -2.0845320224761963,
    "filesize": 3018,
    "single_event": true,
    "hardness": 76.23461226056227,
    "depth": 13.873046409916164,
    "brightness": 79.14611396652894,
    "roughness": 68.7794954709825,
    "warmth": 12.62043081400175,
    "sharpness": 70.30450068045249,
    "boominess": 0.0,
    "reverb": false
}