{
    "duration": 0.2554374933242798,
    "lossless": 1.0,
    "codec": "pcm_s16le",
    "bitrate": 256000.0,
    "samplerate": 16000.0,
    "channels": 1.0,
    "audio_md5": "7987e8dd5fa38689b5e810490dabbcf6",
    "loudness": -22.85683250427246,
    "dynamic_range": 0.0,
    "temporal_centroid": 0.23773446679115295,
    "log_attack_time": -1.8787699937820435,
    "filesize": 8218,
    "single_event": true,
    "hardness": 74.81770201332529,
    "depth": 16.62738367011864,
    "brightness": 83.1231647021636,
    "roughness": 61.581354929210946,
    "warmth": 13.92388221596785,
    "sharpness": 79.26928266980387,
    "boominess": 6.1644629201515,
    "reverb": false
}