{
    "duration": 0.23225000500679016,
    "lossless": 1.0,
    "codec": "pcm_s16le",
    "bitrate": 256000.0,
    "samplerate": 16000.0,
    "channels": 1.0,
    "audio_md5": "c6af4c82ed1e2d9dcf4a84c2a445d6ad",
    "loudness": -17.81479835510254,
    "dynamic_range": 0.0,
    "temporal_centroid": 0.3877546787261963,
    "log_attack_time": -1.5192826986312866,
    "filesize": 7476,
    "single_event": true,
    "hardness": 54.4121006719262,
    "depth": 70.16647604247365,
    "brightness": 36.45574517710285,
    "roughness": 0,
    "warmth": 57.53685617428289,
    "sharpness": 33.13525933040983,
    "boominess": 45.59408856838587,
    "reverb": false
}