{
    "duration": 0.3188124895095825,
    "lossless": 1.0,
    "codec": "pcm_s16le",
    "bitrate": 256000.0,
    "samplerate": 16000.0,
    "channels": 1.0,
    "audio_md5": "08b026e02a1d9d53f76b6ce11ea64db6",
    "loudness": -24.590925216674805,
    "dynamic_range": 0.0,
    "temporal_centroid": 0.35349777340888977,
    "log_attack_time": -2.209869623184204,
    "filesize": 10246,
    "single_event": true,
    "hardness": 63.97425577435712,
    "depth": 27.885104077231297,
    "brightness": 54.68203449292964,
    "roughness": 39.72519524963825,
    "warmth": 44.46091360691536,
    "sharpness": 44.36348036133285,
    "boominess": 21.67284463055813,
    "reverb": false
}