{
    "duration": 0.9288125038146973,
    "lossless": 1.0,
    "codec": "pcm_s16le",
    "bitrate": 256000.0,
    "samplerate": 16000.0,
    "channels": 1.0,
    "audio_md5": "e45730f94d6d67a9b4b46188289c9862",
    "loudness": -28.41071891784668,
    "dynamic_range": 0.0,
    "temporal_centroid": 0.19903221726417542,
    "log_attack_time": -1.6658016443252563,
    "filesize": 29766,
    "single_event": true,
    "hardness": 67.38650096967646,
    "depth": 38.449566606262394,
    "brightness": 66.44595160046038,
    "roughness": 61.165981756595585,
    "warmth": 34.89647396034335,
    "sharpness": 55.85299908519698,
    "boominess": 22.260011597365533,
    "reverb": false
}