{
    "duration": 0.5340625047683716,
    "lossless": 1.0,
    "codec": "pcm_s16le",
    "bitrate": 256000.0,
    "samplerate": 16000.0,
    "channels": 1.0,
    "audio_md5": "5aa16835f1b1abbbf1fe2565187cc73f",
    "loudness": -20.224287033081055,
    "dynamic_range": 0.0,
    "temporal_centroid": 0.3836386203765869,
    "log_attack_time": -1.3488714694976807,
    "filesize": 17134,
    "single_event": true,
    "hardness": 69.84255319405165,
    "depth": 41.36103440688058,
    "brightness": 77.88557498064469,
    "roughness": 73.01388442023547,
    "warmth": 29.88085072413959,
    "sharpness": 67.54001643104691,
    "boominess": 13.596858084599884,
    "reverb": false
}