{
    "duration": 0.1625625044107437,
    "lossless": 1.0,
    "codec": "pcm_s16le",
    "bitrate": 256000.0,
    "samplerate": 16000.0,
    "channels": 1.0,
    "audio_md5": "236f9817f5a1b174edb5c4d3fa2d6e4d",
    "loudness": -16.876447677612305,
    "dynamic_range": 0.0,
    "temporal_centroid": 0.3719990849494934,
    "log_attack_time": -1.5826092958450317,
    "filesize": 5246,
    "single_event": true,
    "hardness": 63.83817248278433,
    "depth": 54.592917984466865,
    "brightness": 58.895844500249105,
    "roughness": 63.20666701328739,
    "warmth": 52.28376844014659,
    "sharpness": 54.38298292663608,
    "boominess": 29.911833813343044,
    "reverb": false
}