{
    "duration": 0.3251250088214874,
    "lossless": 1.0,
    "codec": "pcm_s16le",
    "bitrate": 256000.0,
    "samplerate": 16000.0,
    "channels": 1.0,
    "audio_md5": "b2dab60b4719b31bb6e421f76db5b786",
    "loudness": -24.18586540222168,
    "dynamic_range": 0.0,
    "temporal_centroid": 0.24904705584049225,
    "log_attack_time": -1.908042073249817,
    "filesize": 10448,
    "single_event": true,
    "hardness": 66.28659667038579,
    "depth": 3.697039907340695,
    "brightness": 77.40977839811453,
    "roughness": 55.98535385390631,
    "warmth": 22.15856430335867,
    "sharpness": 69.42860525729375,
    "boominess": 0.0,
    "reverb": false
}