{
    "duration": 0.04650000110268593,
    "lossless": 1.0,
    "codec": "pcm_s16le",
    "bitrate": 256000.0,
    "samplerate": 16000.0,
    "channels": 1.0,
    "audio_md5": "4d7ebf7a78ed9713242dee80805d59d8",
    "loudness": -23.720355987548828,
    "dynamic_range": 0.0,
    "temporal_centroid": 0.5438969135284424,
    "log_attack_time": -2.1673173904418945,
    "filesize": 1532,
    "single_event": true,
    "hardness": 70.57805210975067,
    "depth": 38.50057179188469,
    "brightness": 55.81887939601999,
    "roughness": 43.30293088184879,
    "warmth": 38.44065403071335,
    "sharpness": 51.61734528141326,
    "boominess": 11.34037283715226,
    "reverb": false
}