{
    "duration": 0.3947499990463257,
    "lossless": 1.0,
    "codec": "pcm_s16le",
    "bitrate": 256000.0,
    "samplerate": 16000.0,
    "channels": 1.0,
    "audio_md5": "0dfc43190e7078287dac10f0dde69185",
    "loudness": -19.26506996154785,
    "dynamic_range": 0.0,
    "temporal_centroid": 0.19169706106185913,
    "log_attack_time": -1.6405473947525024,
    "filesize": 12676,
    "single_event": true,
    "hardness": 69.97660095581472,
    "depth": 36.7177738094515,
    "brightness": 80.35091828054688,
    "roughness": 68.33544057977113,
    "warmth": 20.351568470263764,
    "sharpness": 73.92197894576094,
    "boominess": 0.0,
    "reverb": false
}