{
    "duration": 0.26893749833106995,
    "lossless": 1.0,
    "codec": "pcm_s16le",
    "bitrate": 256000.0,
    "samplerate": 16000.0,
    "channels": 1.0,
    "audio_md5": "8dc6963e1003fbf79bdbb0f7d62b44f3",
    "loudness": -18.60660743713379,
    "dynamic_range": 0.0,
    "temporal_centroid": 0.3006003201007843,
    "log_attack_time": -1.3397326469421387,
    "filesize": 8650,
    "single_event": true,
    "hardness": 61.34939301933042,
    "depth": 7.958631039274771,
    "brightness": 80.80613038410561,
    "roughness": 69.18662420946916,
    "warmth": 12.9092259103057,
    "sharpness": 75.77567161461774,
    "boominess": 0.0,
    "reverb": false
}