{
    "duration": 0.11612500250339508,
    "lossless": 1.0,
    "codec": "pcm_s16le",
    "bitrate": 256000.0,
    "samplerate": 16000.0,
    "channels": 1.0,
    "audio_md5": "3eaad22cb14648c0fa5b1f18ebd7dbde",
    "loudness": -25.321508407592773,
    "dynamic_range": 0.0,
    "temporal_centroid": 0.4109562933444977,
    "log_attack_time": -2.2003936767578125,
    "filesize": 3760,
    "single_event": true,
    "hardness": 72.07258819767378,
    "depth": 5.702385248278354,
    "brightness": 82.39720475861641,
    "roughness": 69.80090978112607,
    "warmth": 17.109831933318915,
    "sharpness": 83.23369482285838,
    "boominess": 0.0,
    "reverb": false
}