{
    "duration": 0.2554374933242798,
    "lossless": 1.0,
    "codec": "pcm_s16le",
    "bitrate": 256000.0,
    "samplerate": 16000.0,
    "channels": 1.0,
    "audio_md5": "d4a8bd74140c80dfe9c1f2cdf565bfd0",
    "loudness": -21.92509651184082,
    "dynamic_range": 0.0,
    "temporal_centroid": 0.2776300013065338,
    "log_attack_time": -1.88704252243042,
    "filesize": 8218,
    "single_event": true,
    "hardness": 34.97400815984142,
    "depth": 72.63981327760507,
    "brightness": 13.309603597757565,
    "roughness": 0,
    "warmth": 59.496150472216655,
    "sharpness": 4.645090933413318,
    "boominess": 58.960670396979296,
    "reverb": false
}