{
    "duration": 0.6966249942779541,
    "lossless": 1.0,
    "codec": "pcm_s16le",
    "bitrate": 256000.0,
    "samplerate": 16000.0,
    "channels": 1.0,
    "audio_md5": "0470cb242d590fa2e42dd9dc8ee1b4b6",
    "loudness": -22.399606704711914,
    "dynamic_range": 0.0,
    "temporal_centroid": 0.17359651625156403,
    "log_attack_time": -1.5685268640518188,
    "filesize": 22336,
    "single_event": true,
    "hardness": 68.0734484028435,
    "depth": 47.80345607394335,
    "brightness": 56.051440368591614,
    "roughness": 57.11400145363812,
    "warmth": 43.3016360565516,
    "sharpness": 44.44517631604284,
    "boominess": 32.15647595660745,
    "reverb": false
}