{
    "duration": 0.11612500250339508,
    "lossless": 1.0,
    "codec": "pcm_s16le",
    "bitrate": 256000.0,
    "samplerate": 16000.0,
    "channels": 1.0,
    "audio_md5": "774aaafbf98c15e12f1e7901a899dcc0",
    "loudness": -24.103897094726562,
    "dynamic_range": 0.0,
    "temporal_centroid": 0.4586621820926666,
    "log_attack_time": -1.8985834121704102,
    "filesize": 3760,
    "single_event": true,
    "hardness": 74.07028070644651,
    "depth": 16.903567479250846,
    "brightness": 70.09455067157721,
    "roughness": 52.87812691623056,
    "warmth": 28.119317535562352,
    "sharpness": 62.71696323691206,
    "boominess": 13.624599730134346,
    "reverb": false
}