{
    "duration": 0.2786875069141388,
    "lossless": 1.0,
    "codec": "pcm_s16le",
    "bitrate": 256000.0,
    "samplerate": 16000.0,
    "channels": 1.0,
    "audio_md5": "d97eb9dd1666fa85e49e879de84055d8",
    "loudness": -20.323381423950195,
    "dynamic_range": 0.0,
    "temporal_centroid": 0.2505396008491516,
    "log_attack_time": -1.5248527526855469,
    "filesize": 8962,
    "single_event": true,
    "hardness": 72.80153582397395,
    "depth": 63.32809051756951,
    "brightness": 61.432303304753916,
    "roughness": 57.42432322615032,
    "warmth": 38.094594026295525,
    "sharpness": 53.84527223022592,
    "boominess": 32.850420726606785,
    "reverb": false
}