{
    "duration": 0.20900000631809235,
    "lossless": 1.0,
    "codec": "pcm_s16le",
    "bitrate": 256000.0,
    "samplerate": 16000.0,
    "channels": 1.0,
    "audio_md5": "b07947881d0e2f9efccd2c5d794f4d37",
    "loudness": -19.54584312438965,
    "dynamic_range": 0.0,
    "temporal_centroid": 0.3696572184562683,
    "log_attack_time": -1.7540175914764404,
    "filesize": 6732,
    "single_event": true,
    "hardness": 23.90201128512635,
    "depth": 72.63940221734585,
    "brightness": 11.870078518196088,
    "roughness": 37.20515705145913,
    "warmth": 61.960165871643696,
    "sharpness": 0.0,
    "boominess": 62.35751429082573,
    "reverb": false
}