{
    "duration": 0.20900000631809235,
    "lossless": 1.0,
    "codec": "pcm_s16le",
    "bitrate": 256000.0,
    "samplerate": 16000.0,
    "channels": 1.0,
    "audio_md5": "72d7e3e760fe550ec380ad79fab77e3b",
    "loudness": -18.033306121826172,
    "dynamic_range": 0.0,
    "temporal_centroid": 0.3265331983566284,
    "log_attack_time": -1.6955368518829346,
    "filesize": 6732,
    "single_event": true,
    "hardness": 43.544115286907896,
    "depth": 69.77373222366734,
    "brightness": 30.25293982373255,
    "roughness": 0,
    "warmth": 54.5500887898931,
    "sharpness": 43.36710436094709,
    "boominess": 49.06667256151859,
    "reverb": false
}