{
    "duration": 0.48762500286102295,
    "lossless": 1.0,
    "codec": "pcm_s16le",
    "bitrate": 256000.0,
    "samplerate": 16000.0,
    "channels": 1.0,
    "audio_md5": "9903bc38f89ab726a1aac2a31896a681",
    "loudness": -35.01900863647461,
    "dynamic_range": 0.0,
    "temporal_centroid": 0.2950734794139862,
    "log_attack_time": -1.547181248664856,
    "filesize": 15648,
    "single_event": true,
    "hardness": 63.83434534438035,
    "depth": 7.866212349395973,
    "brightness": 79.96907265756658,
    "roughness": 57.75784731341529,
    "warmth": 12.216828013955578,
    "sharpness": 75.39117744774106,
    "boominess": 0.0,
    "reverb": false
}