{
    "duration": 0.2786875069141388,
    "lossless": 1.0,
    "codec": "pcm_s16le",
    "bitrate": 256000.0,
    "samplerate": 16000.0,
    "channels": 1.0,
    "audio_md5": "8e54ff5dbc9b7fcbffb6be31a69c1c04",
    "loudness": -27.154491424560547,
    "dynamic_range": 0.0,
    "temporal_centroid": 0.2728221118450165,
    "log_attack_time": -2.1420114040374756,
    "filesize": 8962,
    "single_event": true,
    "hardness": 68.99487631267021,
    "depth": 41.54823142165557,
    "brightness": 63.56234277813721,
    "roughness": 60.812190737083625,
    "warmth": 37.98235213087957,
    "sharpness": 44.64590885781903,
    "boominess": 27.822445901759277,
    "reverb": false
}