{
    "duration": 0.1625625044107437,
    "lossless": 1.0,
    "codec": "pcm_s16le",
    "bitrate": 256000.0,
    "samplerate": 16000.0,
    "channels": 1.0,
    "audio_md5": "7f7bfad97b408d5e63531da2c941fdd3",
    "loudness": -22.298503875732422,
    "dynamic_range": 0.0,
    "temporal_centroid": 0.3948019742965698,
    "log_attack_time": -1.3858013153076172,
    "filesize": 5246,
    "single_event": true,
    "hardness": 74.92353968433383,
    "depth": 20.426086363148045,
    "brightness": 74.78925053821577,
    "roughness": 73.27995091317288,
    "warmth": 24.98660824927918,
    "sharpness": 65.08430595443537,
    "boominess": 3.780505919919758,
    "reverb": false
}