{
    "duration": 0.18581250309944153,
    "lossless": 1.0,
    "codec": "pcm_s16le",
    "bitrate": 256000.0,
    "samplerate": 16000.0,
    "channels": 1.0,
    "audio_md5": "9ce145c4e9b163be55aec5947fafa73a",
    "loudness": -36.51823043823242,
    "dynamic_range": 0.0,
    "temporal_centroid": 0.4004887044429779,
    "log_attack_time": -1.3568607568740845,
    "filesize": 5990,
    "single_event": true,
    "hardness": 61.252565752440034,
    "depth": 6.7929898080425914,
    "brightness": 82.42148885682187,
    "roughness": 73.89666866837243,
    "warmth": 12.7198733716261,
    "sharpness": 81.18090619702808,
    "boominess": 0.0,
    "reverb": false
}