{
    "duration": 0.20900000631809235,
    "lossless": 1.0,
    "codec": "pcm_s16le",
    "bitrate": 256000.0,
    "samplerate": 16000.0,
    "channels": 1.0,
    "audio_md5": "acad2f41b056c8350d732f4e52e4d9f2",
    "loudness": -15.482887268066406,
    "dynamic_range": 0.0,
    "temporal_centroid": 0.37252941727638245,
    "log_attack_time": -1.5189573764801025,
    "filesize": 6732,
    "single_event": true,
    "hardness": 36.12944887457613,
    "depth": 68.5565213494848,
    "brightness": 30.48054292700265,
    "roughness": 22.85944969850249,
    "warmth": 59.535050277410434,
    "sharpness": 31.992674545858055,
    "boominess": 51.495656475644054,
    "reverb": false
}