{
    "duration": 0.06737499684095383,
    "lossless": 1.0,
    "codec": "pcm_s16le",
    "bitrate": 256000.0,
    "samplerate": 16000.0,
    "channels": 1.0,
    "audio_md5": "6faae0279acfad5b4a1ea457ee14cce3",
    "loudness": -36.98784255981445,
    "dynamic_range": 0.0,
    "temporal_centroid": 0.5271010994911194,
    "log_attack_time": -2.2752227783203125,
    "filesize": 2200,
    "single_event": true,
    "hardness": 73.85928441010628,
    "depth": 43.26571355567585,
    "brightness": 80.89527580684882,
    "roughness": 69.45523270136567,
    "warmth": 26.676299602655007,
    "sharpness": 74.43617424595674,
    "boominess": 17.173176624568733,
    "reverb": false
}