{
    "duration": 0.20900000631809235,
    "lossless": 1.0,
    "codec": "pcm_s16le",
    "bitrate": 256000.0,
    "samplerate": 16000.0,
    "channels": 1.0,
    "audio_md5": "24c4b8864c05c6f52f95891b5611395b",
    "loudness": -17.015178680419922,
    "dynamic_range": 0.0,
    "temporal_centroid": 0.3909836411476135,
    "log_attack_time": -1.643570899963379,
    "filesize": 6732,
    "single_event": true,
    "hardness": 38.529870973293825,
    "depth": 69.52092946412148,
    "brightness": 24.634394373906133,
    "roughness": 0,
    "warmth": 62.276769621217525,
    "sharpness": 26.458372996219087,
    "boominess": 51.59208820358502,
    "reverb": false
}