{
    "duration": 0.4644375145435333,
    "lossless": 1.0,
    "codec": "pcm_s16le",
    "bitrate": 256000.0,
    "samplerate": 16000.0,
    "channels": 1.0,
    "audio_md5": "06a8395abc31e39e42337cc7804341ed",
    "loudness": -24.99834632873535,
    "dynamic_range": 0.0,
    "temporal_centroid": 0.21028530597686768,
    "log_attack_time": -1.637544870376587,
    "filesize": 14906,
    "single_event": true,
    "hardness": 72.51637472156023,
    "depth": 39.92460106700446,
    "brightness": 74.36095066775675,
    "roughness": 67.68367337885775,
    "warmth": 28.161018424474474,
    "sharpness": 63.87553867855236,
    "boominess": 20.467199250060894,
    "reverb": false
}