{
    "duration": 0.3947499990463257,
    "lossless": 1.0,
    "codec": "pcm_s16le",
    "bitrate": 256000.0,
    "samplerate": 16000.0,
    "channels": 1.0,
    "audio_md5": "d38110f6dca8300b48e5706b41eb16f2",
    "loudness": -19.372371673583984,
    "dynamic_range": 0.0,
    "temporal_centroid": 0.2049650400876999,
    "log_attack_time": -1.698970079421997,
    "filesize": 12676,
    "single_event": true,
    "hardness": 68.73654554438326,
    "depth": 38.81117637893717,
    "brightness": 73.12337312020546,
    "roughness": 64.57005414747874,
    "warmth": 33.060346123361555,
    "sharpness": 57.51314976730306,
    "boominess": 29.396622565828256,
    "reverb": false
}