{
    "duration": 0.3018749952316284,
    "lossless": 1.0,
    "codec": "pcm_s16le",
    "bitrate": 256000.0,
    "samplerate": 16000.0,
    "channels": 1.0,
    "audio_md5": "f3ad380093aa03cf2d744f9e3f9faa9b",
    "loudness": -21.556364059448242,
    "dynamic_range": 0.0,
    "temporal_centroid": 0.2061653733253479,
    "log_attack_time": -1.9040758609771729,
    "filesize": 9704,
    "single_event": true,
    "hardness": 78.79969787323597,
    "depth": 34.957734353106765,
    "brightness": 75.7121193611933,
    "roughness": 66.65631981491914,
    "warmth": 25.312985582669338,
    "sharpness": 62.934922899744315,
    "boominess": 20.36011188832456,
    "reverb": false
}