{
    "duration": 0.6966249942779541,
    "lossless": 1.0,
    "codec": "pcm_s16le",
    "bitrate": 256000.0,
    "samplerate": 16000.0,
    "channels": 1.0,
    "audio_md5": "b8b28f3f0778a3c468423b27894f0ce9",
    "loudness": -27.293912887573242,
    "dynamic_range": 0.0,
    "temporal_centroid": 0.17124511301517487,
    "log_attack_time": -1.7490160465240479,
    "filesize": 22336,
    "single_event": true,
    "hardness": 71.92191553119028,
    "depth": 37.425670577377765,
    "brightness": 63.389050991641724,
    "roughness": 56.664770338779874,
    "warmth": 38.551182497478,
    "sharpness": 53.68851322606388,
    "boominess": 24.12430438926588,
    "reverb": false
}