{
    "duration": 0.4180000126361847,
    "lossless": 1.0,
    "codec": "pcm_s16le",
    "bitrate": 256000.0,
    "samplerate": 16000.0,
    "channels": 1.0,
    "audio_md5": "220f3b8b84880879efcb3e54421c3357",
    "loudness": -27.936262130737305,
    "dynamic_range": 0.0,
    "temporal_centroid": 0.21948251128196716,
    "log_attack_time": -1.9533571004867554,
    "filesize": 13420,
    "single_event": true,
    "hardness": 74.07202410811882,
    "depth": 33.5792564166273,
    "brightness": 74.75619799799449,
    "roughness": 69.21456968695696,
    "warmth": 28.627291824558927,
    "sharpness": 66.90093852448777,
    "boominess": 18.58021423078865,
    "reverb": false
}