{
    "duration": 0.6966249942779541,
    "lossless": 1.0,
    "codec": "pcm_s16le",
    "bitrate": 256000.0,
    "samplerate": 16000.0,
    "channels": 1.0,
    "audio_md5": "04bb6813366e70e00db055dbe4881bed",
    "loudness": -24.327171325683594,
    "dynamic_range": 0.0,
    "temporal_centroid": 0.22338618338108063,
    "log_attack_time": -1.5051894187927246,
    "filesize": 22336,
    "single_event": true,
    "hardness": 72.87438517669443,
    "depth": 45.396829994781264,
    "brightness": 67.95917747495552,
    "roughness": 66.27458478029789,
    "warmth": 37.32104981227465,
    "sharpness": 56.634203596475075,
    "boominess": 23.225732237415393,
    "reverb": false
}