{
    "duration": 0.4180000126361847,
    "lossless": 1.0,
    "codec": "pcm_s16le",
    "bitrate": 256000.0,
    "samplerate": 16000.0,
    "channels": 1.0,
    "audio_md5": "54b1274057e185ced787c4b130eb44b2",
    "loudness": -25.329910278320312,
    "dynamic_range": 0.0,
    "temporal_centroid": 0.21466156840324402,
    "log_attack_time": -1.638400673866272,
    "filesize": 13420,
    "single_event": true,
    "hardness": 71.76321956458804,
    "depth": 31.307796749335573,
    "brightness": 74.01360459708542,
    "roughness": 68.85033844806708,
    "warmth": 30.543125924851235,
    "sharpness": 59.01058840937512,
    "boominess": 23.742411495321477,
    "reverb": false
}