{
    "duration": 0.5340625047683716,
    "lossless": 1.0,
    "codec": "pcm_s16le",
    "bitrate": 256000.0,
    "samplerate": 16000.0,
    "channels": 1.0,
    "audio_md5": "a142a4a89a6ebf9ad9f183a66be9e5a9",
    "loudness": -21.19881248474121,
    "dynamic_range": 0.0,
    "temporal_centroid": 0.18913237750530243,
    "log_attack_time": -1.5732933282852173,
    "filesize": 17134,
    "single_event": true,
    "hardness": 66.37663022330241,
    "depth": 34.393623148869,
    "brightness": 76.74970636928745,
    "roughness": 65.49884796692226,
    "warmth": 28.959987582141203,
    "sharpness": 62.20924972147458,
    "boominess": 27.08857791251383,
    "reverb": false
}