{
    "duration": 0.6037499904632568,
    "lossless": 1.0,
    "codec": "pcm_s16le",
    "bitrate": 256000.0,
    "samplerate": 16000.0,
    "channels": 1.0,
    "audio_md5": "ffc25451756bd7e005620bdae4ceb2e5",
    "loudness": -25.367149353027344,
    "dynamic_range": 0.0,
    "temporal_centroid": 0.1916256994009018,
    "log_attack_time": -1.693587064743042,
    "filesize": 19364,
    "single_event": true,
    "hardness": 73.13391966091436,
    "depth": 39.850782119814326,
    "brightness": 71.96338881504539,
    "roughness": 63.4550385811243,
    "warmth": 34.173889746413636,
    "sharpness": 58.89056930030224,
    "boominess": 25.69644047234068,
    "reverb": false
}