{
    "duration": 0.37156251072883606,
    "lossless": 1.0,
    "codec": "pcm_s16le",
    "bitrate": 256000.0,
    "samplerate": 16000.0,
    "channels": 1.0,
    "audio_md5": "fc3f74a5973ce93bf9d5eb272f89f8f7",
    "loudness": -24.440349578857422,
    "dynamic_range": 0.0,
    "temporal_centroid": 0.18577049672603607,
    "log_attack_time": -1.828860878944397,
    "filesize": 11934,
    "single_event": true,
    "hardness": 77.52749819020977,
    "depth": 29.295448143210216,
    "brightness": 72.79300651857753,
    "roughness": 66.98620948413722,
    "warmth": 26.89900790611766,
    "sharpness": 59.66541611141121,
    "boominess": 19.591149623907707,
    "reverb": false
}