{
    "duration": 0.5573124885559082,
    "lossless": 1.0,
    "codec": "pcm_s16le",
    "bitrate": 256000.0,
    "samplerate": 16000.0,
    "channels": 1.0,
    "audio_md5": "238585a9e132eb12610eb9f1eeea38d6",
    "loudness": -22.325132369995117,
    "dynamic_range": 0.0,
    "temporal_centroid": 0.17778925597667694,
    "log_attack_time": -1.4634530544281006,
    "filesize": 17878,
    "single_event": true,
    "hardness": 72.394577065423,
    "depth": 34.00940757976611,
    "brightness": 73.98699807660412,
    "roughness": 67.16877776766111,
    "warmth": 26.411244782238175,
    "sharpness": 61.84213368420315,
    "boominess": 17.816142629733783,
    "reverb": false
}