{
    "duration": 0.4411875009536743,
    "lossless": 1.0,
    "codec": "pcm_s16le",
    "bitrate": 256000.0,
    "samplerate": 16000.0,
    "channels": 1.0,
    "audio_md5": "1bd742c25c9d36d879cafc43edae79d8",
    "loudness": -21.610980987548828,
    "dynamic_range": 0.0,
    "temporal_centroid": 0.21653525531291962,
    "log_attack_time": -1.4357285499572754,
    "filesize": 14162,
    "single_event": true,
    "hardness": 71.56655746279841,
    "depth": 29.996234671422457,
    "brightness": 73.91050850565958,
    "roughness": 68.61790724510028,
    "warmth": 29.445656153837753,
    "sharpness": 60.58723609546516,
    "boominess": 17.05611147027256,
    "reverb": false
}