{
    "duration": 0.7198749780654907,
    "lossless": 1.0,
    "codec": "pcm_s16le",
    "bitrate": 256000.0,
    "samplerate": 16000.0,
    "channels": 1.0,
    "audio_md5": "ceaacb47b576039ac04c6d41beb83a70",
    "loudness": -24.573354721069336,
    "dynamic_range": 0.0,
    "temporal_centroid": 0.24087245762348175,
    "log_attack_time": -1.4651740789413452,
    "filesize": 23080,
    "single_event": true,
    "hardness": 69.77963813933485,
    "depth": 44.49710744199146,
    "brightness": 70.37204727879671,
    "roughness": 67.50568736174061,
    "warmth": 36.36205198634727,
    "sharpness": 58.678538492290436,
    "boominess": 23.290143273132927,
    "reverb": false
}