{
    "duration": 0.7894999980926514,
    "lossless": 1.0,
    "codec": "pcm_s16le",
    "bitrate": 256000.0,
    "samplerate": 16000.0,
    "channels": 1.0,
    "audio_md5": "7f1718fe5dc63f16a6c207e628bfb6bc",
    "loudness": -19.5251407623291,
    "dynamic_range": 0.0,
    "temporal_centroid": 0.22848127782344818,
    "log_attack_time": -1.6179053783416748,
    "filesize": 25308,
    "single_event": true,
    "hardness": 66.78021359177853,
    "depth": 51.008239755624,
    "brightness": 67.88237631931321,
    "roughness": 63.971707831413894,
    "warmth": 39.85916862596233,
    "sharpness": 56.188482752114396,
    "boominess": 28.511728809025612,
    "reverb": false
}