{
    "duration": 0.6501874923706055,
    "lossless": 1.0,
    "codec": "pcm_s16le",
    "bitrate": 256000.0,
    "samplerate": 16000.0,
    "channels": 1.0,
    "audio_md5": "6e337250a49e697301a2de3905c8eec4",
    "loudness": -20.629148483276367,
    "dynamic_range": 0.0,
    "temporal_centroid": 0.21777212619781494,
    "log_attack_time": -1.4091627597808838,
    "filesize": 20850,
    "single_event": true,
    "hardness": 69.62565962537633,
    "depth": 37.981438907454624,
    "brightness": 72.87178837720307,
    "roughness": 67.96029044623536,
    "warmth": 32.5516102740775,
    "sharpness": 59.74480537228649,
    "boominess": 22.046576936985396,
    "reverb": false
}