{
    "duration": 0.7430624961853027,
    "lossless": 1.0,
    "codec": "pcm_s16le",
    "bitrate": 256000.0,
    "samplerate": 16000.0,
    "channels": 1.0,
    "audio_md5": "4157160475ae12583b4ebcca1e02c8b0",
    "loudness": -28.898664474487305,
    "dynamic_range": 0.0,
    "temporal_centroid": 0.1800428181886673,
    "log_attack_time": -2.046743392944336,
    "filesize": 23822,
    "single_event": true,
    "hardness": 71.32811353859242,
    "depth": 43.930063263578255,
    "brightness": 67.16173585372741,
    "roughness": 59.49863457277243,
    "warmth": 38.65149257925468,
    "sharpness": 62.89243331153155,
    "boominess": 27.935443165349362,
    "reverb": false
}