{
    "duration": 0.6734374761581421,
    "lossless": 1.0,
    "codec": "pcm_s16le",
    "bitrate": 256000.0,
    "samplerate": 16000.0,
    "channels": 1.0,
    "audio_md5": "1f3a4dae106b908bde63924da8d23782",
    "loudness": -24.785547256469727,
    "dynamic_range": 0.0,
    "temporal_centroid": 0.15944363176822662,
    "log_attack_time": -2.120692014694214,
    "filesize": 21594,
    "single_event": true,
    "hardness": 71.2263514435383,
    "depth": 38.366275070011156,
    "brightness": 69.78026407600095,
    "roughness": 59.38028620100319,
    "warmth": 33.53048112748575,
    "sharpness": 65.7692247213331,
    "boominess": 21.937846216892993,
    "reverb": false
}