{
    "duration": 0.04650000110268593,
    "lossless": 1.0,
    "codec": "pcm_s16le",
    "bitrate": 256000.0,
    "samplerate": 16000.0,
    "channels": 1.0,
    "audio_md5": "e1977d51a6c07a66e478a24c388ad6ad",
    "loudness": -22.281023025512695,
    "dynamic_range": 0.0,
    "temporal_centroid": 0.5342540144920349,
    "log_attack_time": -2.186556577682495,
    "filesize": 1532,
    "single_event": true,
    "hardness": 69.15284393304898,
    "depth": 7.813334851694805,
    "brightness": 65.8376589857254,
    "roughness": 0,
    "warmth": 34.95693175149624,
    "sharpness": 51.55381801587639,
    "boominess": 15.639118429420439,
    "reverb": false
}