{
    "duration": 0.1393750011920929,
    "lossless": 1.0,
    "codec": "pcm_s16le",
    "bitrate": 256000.0,
    "samplerate": 16000.0,
    "channels": 1.0,
    "audio_md5": "f55f288f834eb07e6b96fa2d627190e7",
    "loudness": -22.37089729309082,
    "dynamic_range": 0.0,
    "temporal_centroid": 0.3697141706943512,
    "log_attack_time": -2.1219942569732666,
    "filesize": 4504,
    "single_event": true,
    "hardness": 64.06644590913001,
    "depth": 69.85533758458763,
    "brightness": 47.393068718091655,
    "roughness": 47.02022155876871,
    "warmth": 55.815010352528326,
    "sharpness": 44.83546502144588,
    "boominess": 43.674234207935946,
    "reverb": false
}