{
    "duration": 0.04650000110268593,
    "lossless": 1.0,
    "codec": "pcm_s16le",
    "bitrate": 256000.0,
    "samplerate": 16000.0,
    "channels": 1.0,
    "audio_md5": "e9fd4d7adf8bc781b0b38b0780251e76",
    "loudness": -39.664554595947266,
    "dynamic_range": 0.0,
    "temporal_centroid": 0.5355030298233032,
    "log_attack_time": -2.1775710582733154,
    "filesize": 1532,
    "single_event": true,
    "hardness": 74.03724905428962,
    "depth": 5.405316743840828,
    "brightness": 83.17618291139841,
    "roughness": 68.31576533956662,
    "warmth": 24.61141348609592,
    "sharpness": 81.5725083810672,
    "boominess": 2.757179715624538,
    "reverb": false
}