{
    "duration": 0.4411875009536743,
    "lossless": 1.0,
    "codec": "pcm_s16le",
    "bitrate": 256000.0,
    "samplerate": 16000.0,
    "channels": 1.0,
    "audio_md5": "38a20a084d84c7cfbb48f3a1a720106a",
    "loudness": -11.683343887329102,
    "dynamic_range": 0.0,
    "temporal_centroid": 0.4713863432407379,
    "log_attack_time": -1.360007882118225,
    "filesize": 14162,
    "single_event": true,
    "hardness": 27.418766112575398,
    "depth": 69.58019528725309,
    "brightness": 24.263131281977603,
    "roughness": 30.901683648972316,
    "warmth": 60.30512672695756,
    "sharpness": 27.970209642816112,
    "boominess": 54.945232412716415,
    "reverb": false
}