{
    "duration": 0.4933750033378601,
    "lossless": 1.0,
    "codec": "pcm_s16le",
    "bitrate": 256000.0,
    "samplerate": 16000.0,
    "channels": 1.0,
    "audio_md5": "5d57fd1a5dea92b5e89708cc2f4eb5f9",
    "loudness": -21.305524826049805,
    "dynamic_range": 0.0,
    "temporal_centroid": 0.33681637048721313,
    "log_attack_time": -1.4106812477111816,
    "filesize": 15832,
    "single_event": true,
    "hardness": 36.45157927777552,
    "depth": 76.64497209296657,
    "brightness": 23.872424920747108,
    "roughness": 0,
    "warmth": 60.861050912247634,
    "sharpness": 40.50366435830487,
    "boominess": 44.98757908520329,
    "reverb": false
}