{
    "duration": 0.460875004529953,
    "lossless": 1.0,
    "codec": "pcm_s16le",
    "bitrate": 256000.0,
    "samplerate": 16000.0,
    "channels": 1.0,
    "audio_md5": "a0b9643475e5d658d2fbda34830a9524",
    "loudness": -15.945749282836914,
    "dynamic_range": 0.0,
    "temporal_centroid": 0.3435405194759369,
    "log_attack_time": -1.5255128145217896,
    "filesize": 14792,
    "single_event": true,
    "hardness": 29.784861345750357,
    "depth": 70.90506184574299,
    "brightness": 27.024880234349034,
    "roughness": 0,
    "warmth": 59.83739870128717,
    "sharpness": 36.85280029670063,
    "boominess": 50.88836567127885,
    "reverb": false
}