{
    "duration": 0.46787500381469727,
    "lossless": 1.0,
    "codec": "pcm_s16le",
    "bitrate": 256000.0,
    "samplerate": 16000.0,
    "channels": 1.0,
    "audio_md5": "4cfc8e2e3e118653b268a153482af00e",
    "loudness": -14.899679183959961,
    "dynamic_range": 0.0,
    "temporal_centroid": 0.36306026577949524,
    "log_attack_time": -1.5128198862075806,
    "filesize": 15016,
    "single_event": true,
    "hardness": 36.47844082049275,
    "depth": 70.89378783109345,
    "brightness": 27.467451232831763,
    "roughness": 24.972906476586626,
    "warmth": 59.42309702828457,
    "sharpness": 40.76185771563218,
    "boominess": 49.407910291124026,
    "reverb": false
}