{
    "duration": 0.4636875092983246,
    "lossless": 1.0,
    "codec": "pcm_s16le",
    "bitrate": 256000.0,
    "samplerate": 16000.0,
    "channels": 1.0,
    "audio_md5": "22b385c5b362c5836698133b6dbb9df1",
    "loudness": -14.494830131530762,
    "dynamic_range": 0.0,
    "temporal_centroid": 0.34743547439575195,
    "log_attack_time": -1.3061813116073608,
    "filesize": 14882,
    "single_event": true,
    "hardness": 37.64488537857329,
    "depth": 70.63378536504959,
    "brightness": 29.28420197894977,
    "roughness": 24.974394083575014,
    "warmth": 59.36498377773424,
    "sharpness": 37.46905422291975,
    "boominess": 49.391911308905094,
    "reverb": false
}