{
    "duration": 0.34831249713897705,
    "lossless": 1.0,
    "codec": "pcm_s16le",
    "bitrate": 256000.0,
    "samplerate": 16000.0,
    "channels": 1.0,
    "audio_md5": "5da5eb1ad4d4b5d9cecb8bbbc5f7e9c9",
    "loudness": -13.965630531311035,
    "dynamic_range": 0.0,
    "temporal_centroid": 0.29968905448913574,
    "log_attack_time": -1.3320496082305908,
    "filesize": 11190,
    "single_event": true,
    "hardness": 45.15672000165591,
    "depth": 69.42731458690952,
    "brightness": 29.420833076983932,
    "roughness": 0,
    "warmth": 58.94537669758894,
    "sharpness": 37.20748830499115,
    "boominess": 48.00431256669462,
    "reverb": false
}