{
    "duration": 0.25587499141693115,
    "lossless": 1.0,
    "codec": "pcm_s16le",
    "bitrate": 256000.0,
    "samplerate": 16000.0,
    "channels": 1.0,
    "audio_md5": "55d4e8e9a8150e63504ce4b4c9b8b27e",
    "loudness": -20.723783493041992,
    "dynamic_range": 0.0,
    "temporal_centroid": 0.38587474822998047,
    "log_attack_time": -1.3786777257919312,
    "filesize": 8232,
    "single_event": true,
    "hardness": 54.54842473174139,
    "depth": 68.4102150643545,
    "brightness": 47.604290101832085,
    "roughness": 40.719099632938544,
    "warmth": 54.3052762820881,
    "sharpness": 44.910412900152735,
    "boominess": 41.09464824201365,
    "reverb": false
}