{
    "duration": 0.20806249976158142,
    "lossless": 1.0,
    "codec": "pcm_s16le",
    "bitrate": 256000.0,
    "samplerate": 16000.0,
    "channels": 1.0,
    "audio_md5": "e1d7ba418ccc6bfb61776e48f5788755",
    "loudness": -23.7468318939209,
    "dynamic_range": 0.0,
    "temporal_centroid": 0.4403591454029083,
    "log_attack_time": -1.7232725620269775,
    "filesize": 6702,
    "single_event": true,
    "hardness": 27.229518129328852,
    "depth": 65.59300771559484,
    "brightness": 15.681648396409393,
    "roughness": 32.875177360238965,
    "warmth": 62.63218739890223,
    "sharpness": 0.0,
    "boominess": 62.25308877566439,
    "reverb": false
}