{
    "duration": 0.20537500083446503,
    "lossless": 1.0,
    "codec": "pcm_s16le",
    "bitrate": 256000.0,
    "samplerate": 16000.0,
    "channels": 1.0,
    "audio_md5": "cded094ad943f26b159e2d7c76c2adaa",
    "loudness": -14.874373435974121,
    "dynamic_range": 0.0,
    "temporal_centroid": 0.38370516896247864,
    "log_attack_time": -1.455510139465332,
    "filesize": 6616,
    "single_event": true,
    "hardness": 65.95997548159093,
    "depth": 54.6949726504153,
    "brightness": 62.27908044786785,
    "roughness": 64.0434123207153,
    "warmth": 45.95166212185974,
    "sharpness": 57.88173001412186,
    "boominess": 31.834445622024823,
    "reverb": false
}