{
    "duration": 0.4180000126361847,
    "lossless": 1.0,
    "codec": "pcm_s16le",
    "bitrate": 256000.0,
    "samplerate": 16000.0,
    "channels": 1.0,
    "audio_md5": "2dbe4eb9efd8d23ccc8cfd9a4bfdc237",
    "loudness": -12.39625358581543,
    "dynamic_range": 0.0,
    "temporal_centroid": 0.4531973898410797,
    "log_attack_time": -0.8439277410507202,
    "filesize": 13420,
    "single_event": true,
    "hardness": 52.42180567986529,
    "depth": 67.57155790053645,
    "brightness": 49.72993891767095,
    "roughness": 47.02964421770833,
    "warmth": 57.466085161731854,
    "sharpness": 38.52944605741475,
    "boominess": 44.96526468187899,
    "reverb": false
}