{
    "duration": 0.2786875069141388,
    "lossless": 1.0,
    "codec": "pcm_s16le",
    "bitrate": 256000.0,
    "samplerate": 16000.0,
    "channels": 1.0,
    "audio_md5": "d2a16abf51856b1a11021ec442a9bace",
    "loudness": -19.717601776123047,
    "dynamic_range": 0.0,
    "temporal_centroid": 0.5058913826942444,
    "log_attack_time": -0.8999109268188477,
    "filesize": 8962,
    "single_event": true,
    "hardness": 62.94988854130784,
    "depth": 25.525323073570647,
    "brightness": 78.41471104063882,
    "roughness": 75.13679734112637,
    "warmth": 26.803504062021467,
    "sharpness": 69.10019048846377,
    "boominess": 11.90388200911179,
    "reverb": false
}