{
    "duration": 0.5340625047683716,
    "lossless": 1.0,
    "codec": "pcm_s16le",
    "bitrate": 256000.0,
    "samplerate": 16000.0,
    "channels": 1.0,
    "audio_md5": "2825ff18d3a9dbba5cf80600fcdff7ce",
    "loudness": -21.4986515045166,
    "dynamic_range": 0.0,
    "temporal_centroid": 0.27497249841690063,
    "log_attack_time": -1.8164235353469849,
    "filesize": 17134,
    "single_event": true,
    "hardness": 70.68431002623683,
    "depth": 39.27961549123002,
    "brightness": 74.06911516536331,
    "roughness": 65.64362833196321,
    "warmth": 25.526779016363285,
    "sharpness": 63.31022460416523,
    "boominess": 13.169955570237187,
    "reverb": false
}