{
    "duration": 0.16200000047683716,
    "lossless": 1.0,
    "codec": "pcm_s16le",
    "bitrate": 256000.0,
    "samplerate": 16000.0,
    "channels": 1.0,
    "audio_md5": "fc50571446e2bb72c7ad8e9862f9a2b8",
    "loudness": -19.398162841796875,
    "dynamic_range": 0.0,
    "temporal_centroid": 0.5071043372154236,
    "log_attack_time": -1.483970046043396,
    "filesize": 5228,
    "single_event": true,
    "hardness": 69.96740111161316,
    "depth": 31.743707245348297,
    "brightness": 73.90095389055804,
    "roughness": 72.17191690241145,
    "warmth": 29.38011141572647,
    "sharpness": 61.20524550793107,
    "boominess": 11.555266684237829,
    "reverb": false
}