{
    "duration": 0.11612500250339508,
    "lossless": 1.0,
    "codec": "pcm_s16le",
    "bitrate": 256000.0,
    "samplerate": 16000.0,
    "channels": 1.0,
    "audio_md5": "06e893ed444156534ae07fb8cc8eefe4",
    "loudness": -32.022300720214844,
    "dynamic_range": 0.0,
    "temporal_centroid": 0.41494807600975037,
    "log_attack_time": -2.838258743286133,
    "filesize": 3760,
    "single_event": true,
    "hardness": 73.71354849326912,
    "depth": 33.26479497785215,
    "brightness": 77.8874341694634,
    "roughness": 62.82478807812635,
    "warmth": 29.629588299889097,
    "sharpness": 68.01633096166371,
    "boominess": 19.808721270355807,
    "reverb": false
}