{
    "duration": 0.5805000066757202,
    "lossless": 1.0,
    "codec": "pcm_s16le",
    "bitrate": 256000.0,
    "samplerate": 16000.0,
    "channels": 1.0,
    "audio_md5": "711c060e7bff104767ceee0181ce9a97",
    "loudness": -29.041494369506836,
    "dynamic_range": 0.0,
    "temporal_centroid": 0.14881254732608795,
    "log_attack_time": -2.205105781555176,
    "filesize": 18620,
    "single_event": true,
    "hardness": 75.03287760019677,
    "depth": 41.965690401077865,
    "brightness": 82.13000126259642,
    "roughness": 55.81048767448488,
    "warmth": 26.199134042295242,
    "sharpness": 75.08441349457729,
    "boominess": 11.331511054006674,
    "reverb": false
}