{
    "duration": 0.6037499904632568,
    "lossless": 1.0,
    "codec": "pcm_s16le",
    "bitrate": 256000.0,
    "samplerate": 16000.0,
    "channels": 1.0,
    "audio_md5": "6f9945cdc82edee5da2af11cfdb0c931",
    "loudness": -25.180049896240234,
    "dynamic_range": 0.0,
    "temporal_centroid": 0.13937675952911377,
    "log_attack_time": -1.77053701877594,
    "filesize": 19364,
    "single_event": true,
    "hardness": 75.37990580620624,
    "depth": 41.63123714430389,
    "brightness": 69.77833492748246,
    "roughness": 58.43970598584157,
    "warmth": 32.696327651378,
    "sharpness": 65.49808727992631,
    "boominess": 21.81611798662703,
    "reverb": false
}