{
    "duration": 0.48762500286102295,
    "lossless": 1.0,
    "codec": "pcm_s16le",
    "bitrate": 256000.0,
    "samplerate": 16000.0,
    "channels": 1.0,
    "audio_md5": "c6deea28cd46cfc03268efa47f6f2b85",
    "loudness": -24.49599266052246,
    "dynamic_range": 0.0,
    "temporal_centroid": 0.2392362356185913,
    "log_attack_time": -1.4127142429351807,
    "filesize": 15648,
    "single_event": true,
    "hardness": 68.11203001699977,
    "depth": 26.269631519526236,
    "brightness": 82.438631478149,
    "roughness": 70.13864412860013,
    "warmth": 27.49469054659764,
    "sharpness": 77.72860249103888,
    "boominess": 1.350750695975421,
    "reverb": false
}