{
    "duration": 0.23218749463558197,
    "lossless": 1.0,
    "codec": "pcm_s16le",
    "bitrate": 256000.0,
    "samplerate": 16000.0,
    "channels": 1.0,
    "audio_md5": "1a986aaa4dca0a65eae8d6f67abf41a8",
    "loudness": -17.794815063476562,
    "dynamic_range": 0.0,
    "temporal_centroid": 0.2609071135520935,
    "log_attack_time": -1.996078610420227,
    "filesize": 7474,
    "single_event": true,
    "hardness": 70.84957136987259,
    "depth": 54.28470923423467,
    "brightness": 61.74313336698371,
    "roughness": 59.87538393552016,
    "warmth": 47.00011016142962,
    "sharpness": 53.84801109639824,
    "boominess": 31.992379148484954,
    "reverb": false
}