{
    "duration": 0.9752500057220459,
    "lossless": 1.0,
    "codec": "pcm_s16le",
    "bitrate": 256000.0,
    "samplerate": 16000.0,
    "channels": 1.0,
    "audio_md5": "47640cbd909ad50b1a63a5d20763e2f9",
    "loudness": -23.363603591918945,
    "dynamic_range": 0.0,
    "temporal_centroid": 0.2717081606388092,
    "log_attack_time": -1.4178386926651,
    "filesize": 31252,
    "single_event": true,
    "hardness": 59.699650947528255,
    "depth": 71.50618092044668,
    "brightness": 42.22768000646159,
    "roughness": 43.855967126514024,
    "warmth": 56.21439007972684,
    "sharpness": 37.27666895888343,
    "boominess": 49.64870600977934,
    "reverb": false
}