{
    "duration": 0.7430624961853027,
    "lossless": 1.0,
    "codec": "pcm_s16le",
    "bitrate": 256000.0,
    "samplerate": 16000.0,
    "channels": 1.0,
    "audio_md5": "0d79461d4354b72c51944181220fa423",
    "loudness": -24.337039947509766,
    "dynamic_range": 0.0,
    "temporal_centroid": 0.20875762403011322,
    "log_attack_time": -1.6294982433319092,
    "filesize": 23822,
    "single_event": true,
    "hardness": 67.36593164807252,
    "depth": 10.925555034599334,
    "brightness": 80.009130834873,
    "roughness": 58.54927477022739,
    "warmth": 13.777478170012017,
    "sharpness": 78.02607796795492,
    "boominess": 0.0,
    "reverb": false
}