{
    "duration": 0.9056249856948853,
    "lossless": 1.0,
    "codec": "pcm_s16le",
    "bitrate": 256000.0,
    "samplerate": 16000.0,
    "channels": 1.0,
    "audio_md5": "97bca551b64a75b476aa9d27c828463a",
    "loudness": -24.61818504333496,
    "dynamic_range": 0.0,
    "temporal_centroid": 0.21383865177631378,
    "log_attack_time": -1.73649001121521,
    "filesize": 29024,
    "single_event": true,
    "hardness": 62.051947149420386,
    "depth": 9.862328590354153,
    "brightness": 82.2825878632076,
    "roughness": 56.29417789502256,
    "warmth": 14.046676831331588,
    "sharpness": 83.21817257682628,
    "boominess": 0.0,
    "reverb": false
}