{
    "duration": 0.3018749952316284,
    "lossless": 1.0,
    "codec": "pcm_s16le",
    "bitrate": 256000.0,
    "samplerate": 16000.0,
    "channels": 1.0,
    "audio_md5": "6bc76f4227d6d768b858bd1e9e1e9627",
    "loudness": -17.98693084716797,
    "dynamic_range": 0.0,
    "temporal_centroid": 0.2802654802799225,
    "log_attack_time": -1.2319780588150024,
    "filesize": 9704,
    "single_event": true,
    "hardness": 61.61322401784321,
    "depth": 66.7245921022694,
    "brightness": 43.4080729323851,
    "roughness": 46.17080233016622,
    "warmth": 51.747316611861585,
    "sharpness": 51.19356754390961,
    "boominess": 41.40777685072878,
    "reverb": false
}