{
    "duration": 0.25218749046325684,
    "lossless": 1.0,
    "codec": "pcm_s16le",
    "bitrate": 256000.0,
    "samplerate": 16000.0,
    "channels": 1.0,
    "audio_md5": "8d3832aa97104831427704a524de9c5b",
    "loudness": -19.99574089050293,
    "dynamic_range": 0.0,
    "temporal_centroid": 0.33519718050956726,
    "log_attack_time": -1.457200050354004,
    "filesize": 8114,
    "single_event": true,
    "hardness": 64.1382960677592,
    "depth": 68.82422664931599,
    "brightness": 41.48528903167009,
    "roughness": 44.80923274981841,
    "warmth": 54.4048909651546,
    "sharpness": 47.725581714006026,
    "boominess": 40.690457280362736,
    "reverb": false
}