{
    "duration": 0.9983749985694885,
    "lossless": 1.0,
    "codec": "pcm_s16le",
    "bitrate": 256000.0,
    "samplerate": 16000.0,
    "channels": 1.0,
    "audio_md5": "a59d8ee97ebc9fe264d50b9277d9acba",
    "loudness": -10.472721099853516,
    "dynamic_range": 0.0,
    "temporal_centroid": 0.1711208075284958,
    "log_attack_time": -1.3999141454696655,
    "filesize": 31992,
    "single_event": true,
    "hardness": 70.80720280573203,
    "depth": 18.003579730559508,
    "brightness": 79.4057328673276,
    "roughness": 63.738145322128084,
    "warmth": 24.68376561935247,
    "sharpness": 71.4521145285081,
    "boominess": 10.025514492492842,
    "reverb": false
}