{
    "duration": 0.18581250309944153,
    "lossless": 1.0,
    "codec": "pcm_s16le",
    "bitrate": 256000.0,
    "samplerate": 16000.0,
    "channels": 1.0,
    "audio_md5": "bf6fe3fb02476f0764417b4d055bb32b",
    "loudness": -19.119606018066406,
    "dynamic_range": 0.0,
    "temporal_centroid": 0.3283480405807495,
    "log_attack_time": -1.6078096628189087,
    "filesize": 5990,
    "single_event": true,
    "hardness": 64.35804300581685,
    "depth": 6.971314675051225,
    "brightness": 74.85117609222961,
    "roughness": 65.34584196254474,
    "warmth": 16.25677303797245,
    "sharpness": 69.19283025085534,
    "boominess": 0.0,
    "reverb": false
}