{
    "duration": 0.2786875069141388,
    "lossless": 1.0,
    "codec": "pcm_s16le",
    "bitrate": 256000.0,
    "samplerate": 16000.0,
    "channels": 1.0,
    "audio_md5": "171cbc4fac295352dc7c6902ca0c1952",
    "loudness": -14.913483619689941,
    "dynamic_range": 0.0,
    "temporal_centroid": 0.3998306393623352,
    "log_attack_time": -1.1272426843643188,
    "filesize": 8962,
    "single_event": true,
    "hardness": 62.08691209280204,
    "depth": 8.009936988001627,
    "brightness": 73.45999358212876,
    "roughness": 60.79024854078769,
    "warmth": 17.990898089080922,
    "sharpness": 61.190349556404165,
    "boominess": 0.0,
    "reverb": false
}