{
    "duration": 0.1393750011920929,
    "lossless": 1.0,
    "codec": "pcm_s16le",
    "bitrate": 256000.0,
    "samplerate": 16000.0,
    "channels": 1.0,
    "audio_md5": "fd68d0438df31c8caf2b8e6636f6a83a",
    "loudness": -27.521638870239258,
    "dynamic_range": 0.0,
    "temporal_centroid": 0.35513120889663696,
    "log_attack_time": -2.3499724864959717,
    "filesize": 4504,
    "single_event": true,
    "hardness": 71.62426880630994,
    "depth": 9.984207877104993,
    "brightness": 79.3676847703542,
    "roughness": 68.35812861016163,
    "warmth": 20.21751767200532,
    "sharpness": 74.34144860100034,
    "boominess": 0.0,
    "reverb": false
}