{
    "duration": 0.2786875069141388,
    "lossless": 1.0,
    "codec": "pcm_s16le",
    "bitrate": 256000.0,
    "samplerate": 16000.0,
    "channels": 1.0,
    "audio_md5": "a77f39fc270f3247c6e92a6d70c8a280",
    "loudness": -17.156965255737305,
    "dynamic_range": 0.0,
    "temporal_centroid": 0.35789021849632263,
    "log_attack_time": -1.5288281440734863,
    "filesize": 8962,
    "single_event": true,
    "hardness": 71.98608282236881,
    "depth": 41.94833401829924,
    "brightness": 72.9121661763185,
    "roughness": 71.71022006259633,
    "warmth": 36.07186210446005,
    "sharpness": 62.04401807421071,
    "boominess": 30.099265637072687,
    "reverb": false
}