{
    "duration": 0.2786875069141388,
    "lossless": 1.0,
    "codec": "pcm_s16le",
    "bitrate": 256000.0,
    "samplerate": 16000.0,
    "channels": 1.0,
    "audio_md5": "80488881b2e6df6916f776f8a7a0e7a7",
    "loudness": -15.802155494689941,
    "dynamic_range": 0.0,
    "temporal_centroid": 0.2600061893463135,
    "log_attack_time": -1.796249508857727,
    "filesize": 8962,
    "single_event": true,
    "hardness": 68.26607015356828,
    "depth": 50.758259628297665,
    "brightness": 62.717824658223535,
    "roughness": 63.572121045163,
    "warmth": 41.579210278621254,
    "sharpness": 52.59154459925236,
    "boominess": 33.598615996551544,
    "reverb": false
}