{
    "duration": 0.3018749952316284,
    "lossless": 1.0,
    "codec": "pcm_s16le",
    "bitrate": 256000.0,
    "samplerate": 16000.0,
    "channels": 1.0,
    "audio_md5": "bdfa4b40a70c305ed07ea25e2d1c9192",
    "loudness": -22.438264846801758,
    "dynamic_range": 0.0,
    "temporal_centroid": 0.19852331280708313,
    "log_attack_time": -2.1168086528778076,
    "filesize": 9704,
    "single_event": true,
    "hardness": 37.30579847458384,
    "depth": 69.14447683738649,
    "brightness": 25.834343968374732,
    "roughness": 22.627734170873616,
    "warmth": 58.85558267136858,
    "sharpness": 0.0,
    "boominess": 62.03625056765162,
    "reverb": false
}