{
    "duration": 0.8591874837875366,
    "lossless": 1.0,
    "codec": "pcm_s16le",
    "bitrate": 256000.0,
    "samplerate": 16000.0,
    "channels": 1.0,
    "audio_md5": "84f8accd0b1fced277eb4eb036dd5fdd",
    "loudness": -18.395872116088867,
    "dynamic_range": 0.0,
    "temporal_centroid": 0.20535223186016083,
    "log_attack_time": -1.5844967365264893,
    "filesize": 27538,
    "single_event": true,
    "hardness": 39.27951582449772,
    "depth": 70.77838068306076,
    "brightness": 24.14514880697496,
    "roughness": 35.955038042246514,
    "warmth": 58.625244548523916,
    "sharpness": 31.286498834661945,
    "boominess": 49.99571281324676,
    "reverb": false
}