{
    "duration": 0.06968750059604645,
    "lossless": 1.0,
    "codec": "pcm_s16le",
    "bitrate": 256000.0,
    "samplerate": 16000.0,
    "channels": 1.0,
    "audio_md5": "16a04c371eb7a2755516a8a6995d73a3",
    "loudness": -17.524507522583008,
    "dynamic_range": 0.0,
    "temporal_centroid": 0.5364415049552917,
    "log_attack_time": -2.0391335487365723,
    "filesize": 2274,
    "single_event": true,
    "hardness": 66.90869238073748,
    "depth": 6.636547105089136,
    "brightness": 80.01030517673911,
    "roughness": 62.70402841538872,
    "warmth": 20.2497969198523,
    "sharpness": 65.25306887673962,
    "boominess": 8.126190813670387,
    "reverb": false
}