{
    "duration": 0.4411875009536743,
    "lossless": 1.0,
    "codec": "pcm_s16le",
    "bitrate": 256000.0,
    "samplerate": 16000.0,
    "channels": 1.0,
    "audio_md5": "b43b57036f04d2c3f38497a1c0cf9199",
    "loudness": -22.128019332885742,
    "dynamic_range": 0.0,
    "temporal_centroid": 0.19117164611816406,
    "log_attack_time": -1.5093059539794922,
    "filesize": 14162,
    "single_event": true,
    "hardness": 66.70182023913091,
    "depth": 27.71436387080496,
    "brightness": 57.05611313794374,
    "roughness": 54.08236058986681,
    "warmth": 38.143985997593525,
    "sharpness": 47.5679528833583,
    "boominess": 10.850559632213999,
    "reverb": false
}