{
    "duration": 0.4411875009536743,
    "lossless": 1.0,
    "codec": "pcm_s16le",
    "bitrate": 256000.0,
    "samplerate": 16000.0,
    "channels": 1.0,
    "audio_md5": "ffd50436eee43005f9847a2d1fd91366",
    "loudness": -21.398426055908203,
    "dynamic_range": 0.0,
    "temporal_centroid": 0.19489680230617523,
    "log_attack_time": -1.5714538097381592,
    "filesize": 14162,
    "single_event": true,
    "hardness": 68.64407165565387,
    "depth": 29.581316715506212,
    "brightness": 55.82821706550743,
    "roughness": 53.19506695562239,
    "warmth": 40.345221659374246,
    "sharpness": 45.60282342989508,
    "boominess": 21.019986303595836,
    "reverb": false
}