{
    "duration": 0.812749981880188,
    "lossless": 1.0,
    "codec": "pcm_s16le",
    "bitrate": 256000.0,
    "samplerate": 16000.0,
    "channels": 1.0,
    "audio_md5": "4e4e4c6aa52582f33f5790a88c20b09b",
    "loudness": -24.169811248779297,
    "dynamic_range": 0.0,
    "temporal_centroid": 0.14256946742534637,
    "log_attack_time": -1.827534794807434,
    "filesize": 26052,
    "single_event": true,
    "hardness": 52.57568759325886,
    "depth": 52.01370937144435,
    "brightness": 45.3682422596462,
    "roughness": 40.42921613922885,
    "warmth": 49.25785094765399,
    "sharpness": 34.81804439821199,
    "boominess": 40.35224051753906,
    "reverb": false
}