{
    "duration": 0.9288125038146973,
    "lossless": 1.0,
    "codec": "pcm_s16le",
    "bitrate": 256000.0,
    "samplerate": 16000.0,
    "channels": 1.0,
    "audio_md5": "b1f3632b01b049e638f0672c0f1c8c1a",
    "loudness": -19.338459014892578,
    "dynamic_range": 0.0,
    "temporal_centroid": 0.1937071979045868,
    "log_attack_time": -1.788919448852539,
    "filesize": 29766,
    "single_event": true,
    "hardness": 43.521283147528976,
    "depth": 63.56449344291316,
    "brightness": 34.11879773785437,
    "roughness": 33.89396145960762,
    "warmth": 63.21829515168889,
    "sharpness": 26.365717834009832,
    "boominess": 45.24076756556677,
    "reverb": false
}