{
    "duration": 0.4411875009536743,
    "lossless": 1.0,
    "codec": "pcm_s16le",
    "bitrate": 256000.0,
    "samplerate": 16000.0,
    "channels": 1.0,
    "audio_md5": "336a83bfcddeed401e8d9ba7ac92fa16",
    "loudness": -23.033750534057617,
    "dynamic_range": 0.0,
    "temporal_centroid": 0.16445714235305786,
    "log_attack_time": -1.9177113771438599,
    "filesize": 14162,
    "single_event": true,
    "hardness": 75.03769571548514,
    "depth": 35.066887173540906,
    "brightness": 71.00896614739008,
    "roughness": 62.426233193143716,
    "warmth": 27.95764421003365,
    "sharpness": 63.21952720454017,
    "boominess": 16.806372111621403,
    "reverb": false
}