{
    "duration": 0.4411875009536743,
    "lossless": 1.0,
    "codec": "pcm_s16le",
    "bitrate": 256000.0,
    "samplerate": 16000.0,
    "channels": 1.0,
    "audio_md5": "99dbed8f3b1d3ba9d435d1d67ea975a8",
    "loudness": -25.342086791992188,
    "dynamic_range": 0.0,
    "temporal_centroid": 0.17498518526554108,
    "log_attack_time": -1.7191264629364014,
    "filesize": 14162,
    "single_event": true,
    "hardness": 71.13409312574686,
    "depth": 28.507117491895485,
    "brightness": 73.27818931457188,
    "roughness": 64.16928777986621,
    "warmth": 27.987624207671697,
    "sharpness": 65.48332776545611,
    "boominess": 18.008088087036814,
    "reverb": false
}