{
    "duration": 0.1393750011920929,
    "lossless": 1.0,
    "codec": "pcm_s16le",
    "bitrate": 256000.0,
    "samplerate": 16000.0,
    "channels": 1.0,
    "audio_md5": "290a64812b266b8d018c4f516c8d9e33",
    "loudness": -27.39406394958496,
    "dynamic_range": 0.0,
    "temporal_centroid": 0.3427353799343109,
    "log_attack_time": -2.336942672729492,
    "filesize": 4504,
    "single_event": true,
    "hardness": 71.56215479311552,
    "depth": 37.50123861840903,
    "brightness": 63.46539639779599,
    "roughness": 57.138583626969066,
    "warmth": 40.130408056288395,
    "sharpness": 47.48828244387363,
    "boominess": 33.644131457861604,
    "reverb": false
}