{
    "duration": 0.510812520980835,
    "lossless": 1.0,
    "codec": "pcm_s16le",
    "bitrate": 256000.0,
    "samplerate": 16000.0,
    "channels": 1.0,
    "audio_md5": "9a4c69841943fcda52fab993e07f0a54",
    "loudness": -20.775484085083008,
    "dynamic_range": 0.0,
    "temporal_centroid": 0.18581095337867737,
    "log_attack_time": -1.8012058734893799,
    "filesize": 16390,
    "single_event": true,
    "hardness": 60.957682828601065,
    "depth": 8.785356091227804,
    "brightness": 73.52205051235828,
    "roughness": 54.3659544568026,
    "warmth": 14.167321440912602,
    "sharpness": 63.09154475928935,
    "boominess": 0.0,
    "reverb": false
}