{
    "duration": 0.5775625109672546,
    "lossless": 1.0,
    "codec": "pcm_s16le",
    "bitrate": 256000.0,
    "samplerate": 16000.0,
    "channels": 1.0,
    "audio_md5": "9e68f69b3306a62cb486c82f25e3d895",
    "loudness": -29.537425994873047,
    "dynamic_range": 0.0,
    "temporal_centroid": 0.2453901320695877,
    "log_attack_time": -2.015028953552246,
    "filesize": 18526,
    "single_event": true,
    "hardness": 63.643136974652634,
    "depth": 44.409681798625705,
    "brightness": 66.89525824322743,
    "roughness": 57.38159715598887,
    "warmth": 34.54932112541887,
    "sharpness": 56.257549501257714,
    "boominess": 20.967980208975824,
    "reverb": false
}