{
    "duration": 0.04650000110268593,
    "lossless": 1.0,
    "codec": "pcm_s16le",
    "bitrate": 256000.0,
    "samplerate": 16000.0,
    "channels": 1.0,
    "audio_md5": "32ff0accf99d34d069b75b65f291e677",
    "loudness": -29.458206176757812,
    "dynamic_range": 0.0,
    "temporal_centroid": 0.5435463786125183,
    "log_attack_time": -2.4860761165618896,
    "filesize": 1532,
    "single_event": true,
    "hardness": 71.41921855512427,
    "depth": 16.8742518528899,
    "brightness": 81.43050659635834,
    "roughness": 64.28835023676604,
    "warmth": 27.57253858511823,
    "sharpness": 81.18690332796653,
    "boominess": 0.0,
    "reverb": false
}