{
    "duration": 0.4644375145435333,
    "lossless": 1.0,
    "codec": "pcm_s16le",
    "bitrate": 256000.0,
    "samplerate": 16000.0,
    "channels": 1.0,
    "audio_md5": "1e5b0e95d76f58bb60ab8034175a7ac5",
    "loudness": -18.904788970947266,
    "dynamic_range": 0.0,
    "temporal_centroid": 0.19069810211658478,
    "log_attack_time": -1.698477864265442,
    "filesize": 14906,
    "single_event": true,
    "hardness": 40.88063120913549,
    "depth": 71.45373211686777,
    "brightness": 42.881356319608095,
    "roughness": 32.871803021879984,
    "warmth": 55.388976767201775,
    "sharpness": 38.86027181004786,
    "boominess": 54.495739968704015,
    "reverb": false
}