{
    "duration": 0.023250000551342964,
    "lossless": 1.0,
    "codec": "pcm_s16le",
    "bitrate": 256000.0,
    "samplerate": 16000.0,
    "channels": 1.0,
    "audio_md5": "2c7f00cb6a6189efe3a5373545c5c7e9",
    "loudness": -36.996604919433594,
    "dynamic_range": 0.0,
    "temporal_centroid": 0.6710624098777771,
    "log_attack_time": -2.5952205657958984,
    "filesize": 788,
    "single_event": true,
    "hardness": 69.87031531759382,
    "depth": 12.641580816546004,
    "brightness": 78.34867601834465,
    "roughness": 51.72092936682609,
    "warmth": 24.107607905158737,
    "sharpness": 69.18167545812867,
    "boominess": 0.0,
    "reverb": false
}