{
    "duration": 0.46024999022483826,
    "lossless": 1.0,
    "codec": "pcm_s16le",
    "bitrate": 256000.0,
    "samplerate": 16000.0,
    "channels": 1.0,
    "audio_md5": "4e6f56c5f9c4fc3a93e27bc9567500d4",
    "loudness": -18.63825798034668,
    "dynamic_range": 0.0,
    "temporal_centroid": 0.30280500650405884,
    "log_attack_time": -1.4750580787658691,
    "filesize": 14772,
    "single_event": true,
    "hardness": 60.011359711675254,
    "depth": 44.255116233596326,
    "brightness": 62.01981192214261,
    "roughness": 58.9833623225497,
    "warmth": 42.28068741342197,
    "sharpness": 44.15274246318888,
    "boominess": 19.420680590620357,
    "reverb": false
}