{
    "duration": 0.8823750019073486,
    "lossless": 1.0,
    "codec": "pcm_s16le",
    "bitrate": 256000.0,
    "samplerate": 16000.0,
    "channels": 1.0,
    "audio_md5": "6f9842e1e92211aeac37c7427100c8ad",
    "loudness": -20.914752960205078,
    "dynamic_range": 0.0,
    "temporal_centroid": 0.12028271704912186,
    "log_attack_time": -1.5531234741210938,
    "filesize": 28280,
    "single_event": true,
    "hardness": 65.24710130505224,
    "depth": 38.455754743182126,
    "brightness": 72.04969649402362,
    "roughness": 62.354956527040486,
    "warmth": 27.780947214703136,
    "sharpness": 58.44099156051564,
    "boominess": 29.447367495018035,
    "reverb": false
}