{
    "duration": 0.23225000500679016,
    "lossless": 1.0,
    "codec": "pcm_s16le",
    "bitrate": 256000.0,
    "samplerate": 16000.0,
    "channels": 1.0,
    "audio_md5": "8c72da210ac0aa2ddd66d27bd59ae874",
    "loudness": -29.91686248779297,
    "dynamic_range": 0.0,
    "temporal_centroid": 0.30815625190734863,
    "log_attack_time": -1.4866796731948853,
    "filesize": 7476,
    "single_event": true,
    "hardness": 68.90796062192393,
    "depth": 35.223536515877676,
    "brightness": 81.27414670251392,
    "roughness": 72.35985391159298,
    "warmth": 14.061535668609029,
    "sharpness": 71.71604451569061,
    "boominess": 23.404845748533447,
    "reverb": false
}