{
    "duration": 0.1625625044107437,
    "lossless": 1.0,
    "codec": "pcm_s16le",
    "bitrate": 256000.0,
    "samplerate": 16000.0,
    "channels": 1.0,
    "audio_md5": "4a8afac20f9116ef14aa4213c2ef8a2d",
    "loudness": -28.908418655395508,
    "dynamic_range": 0.0,
    "temporal_centroid": 0.3522200882434845,
    "log_attack_time": -1.5696221590042114,
    "filesize": 5246,
    "single_event": true,
    "hardness": 71.44483582831424,
    "depth": 34.35151501982972,
    "brightness": 81.17089490019629,
    "roughness": 74.04603607819786,
    "warmth": 26.317676347405587,
    "sharpness": 69.9039518078711,
    "boominess": 22.630630099014073,
    "reverb": false
}