{
    "duration": 0.09293749928474426,
    "lossless": 1.0,
    "codec": "pcm_s16le",
    "bitrate": 256000.0,
    "samplerate": 16000.0,
    "channels": 1.0,
    "audio_md5": "43aa2ead2f6206479209d79293297c78",
    "loudness": -33.968868255615234,
    "dynamic_range": 0.0,
    "temporal_centroid": 0.5420340895652771,
    "log_attack_time": -1.8348788022994995,
    "filesize": 3018,
    "single_event": true,
    "hardness": 69.18430444167493,
    "depth": 38.9109765030159,
    "brightness": 80.19829645654116,
    "roughness": 72.3511124935514,
    "warmth": 28.669537548640257,
    "sharpness": 68.34981031044151,
    "boominess": 27.067513956248604,
    "reverb": false
}