{
    "duration": 0.11612500250339508,
    "lossless": 1.0,
    "codec": "pcm_s16le",
    "bitrate": 256000.0,
    "samplerate": 16000.0,
    "channels": 1.0,
    "audio_md5": "ccfba5a08c3f74c2f7b4b9d7edcea136",
    "loudness": -33.892189025878906,
    "dynamic_range": 0.0,
    "temporal_centroid": 0.4438932538032532,
    "log_attack_time": -1.7799274921417236,
    "filesize": 3760,
    "single_event": true,
    "hardness": 69.11201738772775,
    "depth": 37.14288009487424,
    "brightness": 79.56688110696282,
    "roughness": 70.57717826643922,
    "warmth": 28.735537300360413,
    "sharpness": 68.93566436612001,
    "boominess": 23.35858830948048,
    "reverb": false
}