{
    "duration": 0.09293749928474426,
    "lossless": 1.0,
    "codec": "pcm_s16le",
    "bitrate": 256000.0,
    "samplerate": 16000.0,
    "channels": 1.0,
    "audio_md5": "1f528ed388455e11de4ece9f0d5e4ec9",
    "loudness": -34.81715393066406,
    "dynamic_range": 0.0,
    "temporal_centroid": 0.5460797548294067,
    "log_attack_time": -1.7540175914764404,
    "filesize": 3018,
    "single_event": true,
    "hardness": 72.59324553677772,
    "depth": 33.90721631722889,
    "brightness": 80.18520183225561,
    "roughness": 72.50713494019115,
    "warmth": 27.31437727664413,
    "sharpness": 68.85191240970684,
    "boominess": 23.981635987145882,
    "reverb": false
}