{
    "duration": 0.15674999356269836,
    "lossless": 1.0,
    "codec": "pcm_s16le",
    "bitrate": 256000.0,
    "samplerate": 16000.0,
    "channels": 1.0,
    "audio_md5": "0aa9fff1766054bb495be6b060ea40e6",
    "loudness": -22.867435455322266,
    "dynamic_range": 0.0,
    "temporal_centroid": 0.4269633889198303,
    "log_attack_time": -1.4998643398284912,
    "filesize": 5060,
    "single_event": true,
    "hardness": 64.31570468418693,
    "depth": 17.370001270944996,
    "brightness": 75.99015040260682,
    "roughness": 69.91086712387366,
    "warmth": 20.039560795871374,
    "sharpness": 63.49409189120143,
    "boominess": 0.0,
    "reverb": false
}