{
    "duration": 0.17287500202655792,
    "lossless": 1.0,
    "codec": "pcm_s16le",
    "bitrate": 256000.0,
    "samplerate": 16000.0,
    "channels": 1.0,
    "audio_md5": "5814a960807164f265f2b9cfe8edac0f",
    "loudness": -21.39039421081543,
    "dynamic_range": 0.0,
    "temporal_centroid": 0.4396710991859436,
    "log_attack_time": -1.4669020175933838,
    "filesize": 5576,
    "single_event": true,
    "hardness": 63.18720022085449,
    "depth": 15.018752250860764,
    "brightness": 77.83525338279668,
    "roughness": 70.06758931613571,
    "warmth": 13.3904706880625,
    "sharpness": 69.71938716055894,
    "boominess": 0.0,
    "reverb": false
}