{
    "duration": 0.5108749866485596,
    "lossless": 1.0,
    "codec": "pcm_s16le",
    "bitrate": 256000.0,
    "samplerate": 16000.0,
    "channels": 1.0,
    "audio_md5": "5b3980fc2ffc909a829cd76f9ddec722",
    "loudness": -33.13798141479492,
    "dynamic_range": 0.0,
    "temporal_centroid": 0.3091866075992584,
    "log_attack_time": -1.2404606342315674,
    "filesize": 16392,
    "single_event": true,
    "hardness": 67.99999558408396,
    "depth": 26.08372716025223,
    "brightness": 80.08572568858756,
    "roughness": 72.8785967987717,
    "warmth": 26.65278482051537,
    "sharpness": 72.48948595146123,
    "boominess": 12.891968973786181,
    "reverb": false
}