{
    "duration": 0.5340625047683716,
    "lossless": 1.0,
    "codec": "pcm_s16le",
    "bitrate": 256000.0,
    "samplerate": 16000.0,
    "channels": 1.0,
    "audio_md5": "af68416e2210d86c7a4b155b24d4cc32",
    "loudness": -30.229005813598633,
    "dynamic_range": 0.0,
    "temporal_centroid": 0.28752225637435913,
    "log_attack_time": -1.2466723918914795,
    "filesize": 17134,
    "single_event": true,
    "hardness": 75.73761461824668,
    "depth": 25.291054959861142,
    "brightness": 80.3161648122101,
    "roughness": 72.63344811735512,
    "warmth": 14.850488530604306,
    "sharpness": 73.20169505759839,
    "boominess": 11.721235243432316,
    "reverb": false
}