{
    "duration": 0.23225000500679016,
    "lossless": 1.0,
    "codec": "pcm_s16le",
    "bitrate": 256000.0,
    "samplerate": 16000.0,
    "channels": 1.0,
    "audio_md5": "e78748335a019058f9f49eb737618063",
    "loudness": -22.29305648803711,
    "dynamic_range": 0.0,
    "temporal_centroid": 0.29992932081222534,
    "log_attack_time": -1.6873104572296143,
    "filesize": 7476,
    "single_event": true,
    "hardness": 69.57492081126463,
    "depth": 6.8980992969108,
    "brightness": 77.54652758540212,
    "roughness": 66.43204130346763,
    "warmth": 15.12945048422911,
    "sharpness": 69.90097472993412,
    "boominess": 14.105583926065663,
    "reverb": false
}