{
    "duration": 0.23225000500679016,
    "lossless": 1.0,
    "codec": "pcm_s16le",
    "bitrate": 256000.0,
    "samplerate": 16000.0,
    "channels": 1.0,
    "audio_md5": "2c70416c90d305fa739e29c9314d1b51",
    "loudness": -26.173051834106445,
    "dynamic_range": 0.0,
    "temporal_centroid": 0.2970292270183563,
    "log_attack_time": -1.7114577293395996,
    "filesize": 7476,
    "single_event": true,
    "hardness": 70.02092884068671,
    "depth": 23.30497564279196,
    "brightness": 78.19210543604282,
    "roughness": 68.63897350167387,
    "warmth": 13.579104860877422,
    "sharpness": 71.37788321152112,
    "boominess": 14.635021806630368,
    "reverb": false
}