{
    "duration": 0.7430624961853027,
    "lossless": 1.0,
    "codec": "pcm_s16le",
    "bitrate": 256000.0,
    "samplerate": 16000.0,
    "channels": 1.0,
    "audio_md5": "9e6af937b6c2615ef7f9a6a153056161",
    "loudness": -22.54288101196289,
    "dynamic_range": 0.0,
    "temporal_centroid": 0.2574542164802551,
    "log_attack_time": -1.3312042951583862,
    "filesize": 23822,
    "single_event": true,
    "hardness": 64.78770821250524,
    "depth": 25.63888107644552,
    "brightness": 80.364634486176,
    "roughness": 72.45043372813069,
    "warmth": 22.716214515251632,
    "sharpness": 73.49819944513737,
    "boominess": 10.401826422133691,
    "reverb": false
}