{
    "duration": 0.4644375145435333,
    "lossless": 1.0,
    "codec": "pcm_s16le",
    "bitrate": 256000.0,
    "samplerate": 16000.0,
    "channels": 1.0,
    "audio_md5": "fd8946062b3de888e2f822da6eda78e6",
    "loudness": -34.806678771972656,
    "dynamic_range": 0.0,
    "temporal_centroid": 0.2536834180355072,
    "log_attack_time": -1.592900276184082,
    "filesize": 14906,
    "single_event": true,
    "hardness": 74.63636933337568,
    "depth": 25.613731820292536,
    "brightness": 80.04624003854468,
    "roughness": 69.50740376501787,
    "warmth": 13.954726960834137,
    "sharpness": 75.12329899608113,
    "boominess": 15.316293754243326,
    "reverb": false
}