{
    "duration": 0.48762500286102295,
    "lossless": 1.0,
    "codec": "pcm_s16le",
    "bitrate": 256000.0,
    "samplerate": 16000.0,
    "channels": 1.0,
    "audio_md5": "9940c0ed22dfcb0aa0a8e57a39e18674",
    "loudness": -32.31608581542969,
    "dynamic_range": 0.0,
    "temporal_centroid": 0.2770195007324219,
    "log_attack_time": -1.3397326469421387,
    "filesize": 15648,
    "single_event": true,
    "hardness": 74.06220230875442,
    "depth": 26.027258278452443,
    "brightness": 80.67941663680293,
    "roughness": 71.76016878660556,
    "warmth": 14.293399446477675,
    "sharpness": 74.27688646832799,
    "boominess": 14.61534300105067,
    "reverb": false
}