{
    "duration": 0.4411875009536743,
    "lossless": 1.0,
    "codec": "pcm_s16le",
    "bitrate": 256000.0,
    "samplerate": 16000.0,
    "channels": 1.0,
    "audio_md5": "897883c7f7a58c153b0bf3e57c253ae2",
    "loudness": -35.10448455810547,
    "dynamic_range": 0.0,
    "temporal_centroid": 0.2842599153518677,
    "log_attack_time": -1.3889248371124268,
    "filesize": 14162,
    "single_event": true,
    "hardness": 74.8928732021271,
    "depth": 25.196830148174335,
    "brightness": 80.42191409087366,
    "roughness": 70.79354628792245,
    "warmth": 17.666294533290348,
    "sharpness": 74.63337127241373,
    "boominess": 14.884751195754246,
    "reverb": false
}