{
    "duration": 0.06968750059604645,
    "lossless": 1.0,
    "codec": "pcm_s16le",
    "bitrate": 256000.0,
    "samplerate": 16000.0,
    "channels": 1.0,
    "audio_md5": "4df84e802d57c71560ad69e3c05d9fc0",
    "loudness": -27.91849708557129,
    "dynamic_range": 0.0,
    "temporal_centroid": 0.5326811075210571,
    "log_attack_time": -1.6849201917648315,
    "filesize": 2274,
    "single_event": true,
    "hardness": 74.25427750827276,
    "depth": 9.507174527517513,
    "brightness": 76.91751522225056,
    "roughness": 72.59379067102756,
    "warmth": 23.773835125683433,
    "sharpness": 76.12523312109668,
    "boominess": 0.0,
    "reverb": false
}