{
    "duration": 0.5108749866485596,
    "lossless": 1.0,
    "codec": "pcm_s16le",
    "bitrate": 256000.0,
    "samplerate": 16000.0,
    "channels": 1.0,
    "audio_md5": "ed5b25081f9672edb4aee7f28348f450",
    "loudness": -20.337617874145508,
    "dynamic_range": 0.0,
    "temporal_centroid": 0.14577554166316986,
    "log_attack_time": -1.8499505519866943,
    "filesize": 16392,
    "single_event": true,
    "hardness": 62.981836157749655,
    "depth": 38.63776238707382,
    "brightness": 67.58254948024523,
    "roughness": 59.19172837403434,
    "warmth": 33.53075654231759,
    "sharpness": 51.318674462614126,
    "boominess": 28.474113182323478,
    "reverb": false
}