{
    "duration": 0.24793750047683716,
    "lossless": 1.0,
    "codec": "pcm_s16le",
    "bitrate": 256000.0,
    "samplerate": 16000.0,
    "channels": 1.0,
    "audio_md5": "a2a8890ed5f3be18006b80e1cb2c5f38",
    "loudness": -18.30230140686035,
    "dynamic_range": 0.0,
    "temporal_centroid": 0.30290496349334717,
    "log_attack_time": -1.7206766605377197,
    "filesize": 7978,
    "single_event": true,
    "hardness": 63.645497221817266,
    "depth": 24.81123572299589,
    "brightness": 66.52618188914641,
    "roughness": 60.06398462729815,
    "warmth": 33.91096476008284,
    "sharpness": 53.54928694992043,
    "boominess": 12.830229108941484,
    "reverb": false
}