{
    "duration": 0.2786875069141388,
    "lossless": 1.0,
    "codec": "pcm_s16le",
    "bitrate": 256000.0,
    "samplerate": 16000.0,
    "channels": 1.0,
    "audio_md5": "fbe47f38545311b9ae08015349afe436",
    "loudness": -25.25290298461914,
    "dynamic_range": 0.0,
    "temporal_centroid": 0.24725016951560974,
    "log_attack_time": -1.539269208908081,
    "filesize": 8962,
    "single_event": true,
    "hardness": 74.87058036040062,
    "depth": 32.39051462964072,
    "brightness": 81.57890313992152,
    "roughness": 68.12067931891607,
    "warmth": 16.504702120291846,
    "sharpness": 72.56231075620974,
    "boominess": 19.125000406399803,
    "reverb": false
}