{
    "duration": 0.5805000066757202,
    "lossless": 1.0,
    "codec": "pcm_s16le",
    "bitrate": 256000.0,
    "samplerate": 16000.0,
    "channels": 1.0,
    "audio_md5": "ff12694dcb3c5d8333e6ceec11168e37",
    "loudness": -22.899375915527344,
    "dynamic_range": 0.0,
    "temporal_centroid": 0.18830157816410065,
    "log_attack_time": -1.5905921459197998,
    "filesize": 18620,
    "single_event": true,
    "hardness": 74.26143401942932,
    "depth": 21.0849314000875,
    "brightness": 70.0807987618011,
    "roughness": 61.28114753855677,
    "warmth": 26.803918079493325,
    "sharpness": 61.013223029863866,
    "boominess": 11.298651767365303,
    "reverb": false
}