{
    "duration": 0.7430624961853027,
    "lossless": 1.0,
    "codec": "pcm_s16le",
    "bitrate": 256000.0,
    "samplerate": 16000.0,
    "channels": 1.0,
    "audio_md5": "0c48d07c89d8d57ba11dea1667676458",
    "loudness": -20.289518356323242,
    "dynamic_range": 0.0,
    "temporal_centroid": 0.1980723887681961,
    "log_attack_time": -1.3305714130401611,
    "filesize": 23822,
    "single_event": true,
    "hardness": 68.16379360948432,
    "depth": 20.753106807997092,
    "brightness": 66.57054155551535,
    "roughness": 57.54917912414899,
    "warmth": 30.62458760243399,
    "sharpness": 55.697019474757795,
    "boominess": 6.009422323624854,
    "reverb": false
}