{
    "duration": 0.23225000500679016,
    "lossless": 1.0,
    "codec": "pcm_s16le",
    "bitrate": 256000.0,
    "samplerate": 16000.0,
    "channels": 1.0,
    "audio_md5": "17d7bd759b2c467754c4dc41db778475",
    "loudness": -23.14353370666504,
    "dynamic_range": 0.0,
    "temporal_centroid": 0.23203299939632416,
    "log_attack_time": -2.026390552520752,
    "filesize": 7476,
    "single_event": true,
    "hardness": 73.9415503182293,
    "depth": 25.083343110353916,
    "brightness": 66.92841658937337,
    "roughness": 60.880198139822355,
    "warmth": 30.47793682168861,
    "sharpness": 54.62004902898522,
    "boominess": 14.611617841588835,
    "reverb": false
}