{
    "duration": 0.3947499990463257,
    "lossless": 1.0,
    "codec": "pcm_s16le",
    "bitrate": 256000.0,
    "samplerate": 16000.0,
    "channels": 1.0,
    "audio_md5": "d5a24b7456013261a285f52a6d9d2644",
    "loudness": -17.7418155670166,
    "dynamic_range": 0.0,
    "temporal_centroid": 0.23241131007671356,
    "log_attack_time": -1.697986364364624,
    "filesize": 12676,
    "single_event": true,
    "hardness": 71.41344386281784,
    "depth": 14.682164248660008,
    "brightness": 72.06681503430758,
    "roughness": 58.94291549198091,
    "warmth": 21.201907965895618,
    "sharpness": 57.93001836918393,
    "boominess": 5.610617801063988,
    "reverb": false
}