{
    "duration": 0.23225000500679016,
    "lossless": 1.0,
    "codec": "pcm_s16le",
    "bitrate": 256000.0,
    "samplerate": 16000.0,
    "channels": 1.0,
    "audio_md5": "fbeb43eccc58e9f43228dc76996d2a0e",
    "loudness": -23.432626724243164,
    "dynamic_range": 0.0,
    "temporal_centroid": 0.24778057634830475,
    "log_attack_time": -1.9024994373321533,
    "filesize": 7476,
    "single_event": true,
    "hardness": 72.38357286970879,
    "depth": 16.723933053012267,
    "brightness": 76.01337797783151,
    "roughness": 66.65724148789495,
    "warmth": 22.58345380044463,
    "sharpness": 68.2803350815611,
    "boominess": 5.069262028002818,
    "reverb": false
}