{
    "duration": 0.18581250309944153,
    "lossless": 1.0,
    "codec": "pcm_s16le",
    "bitrate": 256000.0,
    "samplerate": 16000.0,
    "channels": 1.0,
    "audio_md5": "885bc3729f0ef9ead072da0bbb1456ee",
    "loudness": -27.46535301208496,
    "dynamic_range": 0.0,
    "temporal_centroid": 0.29899364709854126,
    "log_attack_time": -2.0669467449188232,
    "filesize": 5990,
    "single_event": true,
    "hardness": 72.54688700798457,
    "depth": 16.480561403112702,
    "brightness": 76.10732753065795,
    "roughness": 68.17652265649282,
    "warmth": 21.579948118111844,
    "sharpness": 72.618461555619,
    "boominess": 0.0,
    "reverb": false
}