{
    "duration": 0.34831249713897705,
    "lossless": 1.0,
    "codec": "pcm_s16le",
    "bitrate": 256000.0,
    "samplerate": 16000.0,
    "channels": 1.0,
    "audio_md5": "9edb18d7b4dcefeaffc0fe5a77d80ea2",
    "loudness": -19.79609489440918,
    "dynamic_range": 0.0,
    "temporal_centroid": 0.24798770248889923,
    "log_attack_time": -1.5534754991531372,
    "filesize": 11190,
    "single_event": true,
    "hardness": 71.08195643133814,
    "depth": 14.432711091857627,
    "brightness": 69.79551133805718,
    "roughness": 58.89911153668139,
    "warmth": 24.776838642563387,
    "sharpness": 56.706357571132685,
    "boominess": 0.0,
    "reverb": false
}