{
    "duration": 0.5805000066757202,
    "lossless": 1.0,
    "codec": "pcm_s16le",
    "bitrate": 256000.0,
    "samplerate": 16000.0,
    "channels": 1.0,
    "audio_md5": "694b8f7875e2d7e0af18f2d8bd62eaf7",
    "loudness": -24.8476505279541,
    "dynamic_range": 0.0,
    "temporal_centroid": 0.17679376900196075,
    "log_attack_time": -1.5707201957702637,
    "filesize": 18620,
    "single_event": true,
    "hardness": 72.51540135599723,
    "depth": 27.691074735202548,
    "brightness": 67.26725509022543,
    "roughness": 60.01102399013266,
    "warmth": 31.98155898443187,
    "sharpness": 51.312903573482075,
    "boominess": 20.10074896701323,
    "reverb": false
}