{
    "duration": 0.3018749952316284,
    "lossless": 1.0,
    "codec": "pcm_s16le",
    "bitrate": 256000.0,
    "samplerate": 16000.0,
    "channels": 1.0,
    "audio_md5": "3b61ba1406f2a1d960e2c38feaacd00e",
    "loudness": -25.39082145690918,
    "dynamic_range": 0.0,
    "temporal_centroid": 0.19726191461086273,
    "log_attack_time": -2.0929884910583496,
    "filesize": 9704,
    "single_event": true,
    "hardness": 72.03580310838481,
    "depth": 26.573615286105714,
    "brightness": 77.88660682926485,
    "roughness": 66.3742091648781,
    "warmth": 23.601190277704795,
    "sharpness": 73.19902652379716,
    "boominess": 1.519461468636223,
    "reverb": false
}