{
    "duration": 0.1393750011920929,
    "lossless": 1.0,
    "codec": "pcm_s16le",
    "bitrate": 256000.0,
    "samplerate": 16000.0,
    "channels": 1.0,
    "audio_md5": "c208e90730ef10c037d6f3e9a29a4aba",
    "loudness": -24.071212768554688,
    "dynamic_range": 0.0,
    "temporal_centroid": 0.3562794029712677,
    "log_attack_time": -1.9498333930969238,
    "filesize": 4504,
    "single_event": true,
    "hardness": 73.89198418650795,
    "depth": 25.60404105172119,
    "brightness": 69.88723727839056,
    "roughness": 66.05978760725142,
    "warmth": 27.8495277307473,
    "sharpness": 57.27030475313516,
    "boominess": 5.83444440899531,
    "reverb": false
}