{
    "duration": 0.34831249713897705,
    "lossless": 1.0,
    "codec": "pcm_s16le",
    "bitrate": 256000.0,
    "samplerate": 16000.0,
    "channels": 1.0,
    "audio_md5": "7df8362d2f0905b0c1b6a3c8756d71f7",
    "loudness": -23.04361915588379,
    "dynamic_range": 0.0,
    "temporal_centroid": 0.20082776248455048,
    "log_attack_time": -1.7579479217529297,
    "filesize": 11190,
    "single_event": true,
    "hardness": 74.59844180408999,
    "depth": 27.79423885632709,
    "brightness": 71.64926899488776,
    "roughness": 63.67117199451097,
    "warmth": 30.74326840166833,
    "sharpness": 56.33218774447181,
    "boominess": 22.553126189014193,
    "reverb": false
}