{
    "duration": 0.20900000631809235,
    "lossless": 1.0,
    "codec": "pcm_s16le",
    "bitrate": 256000.0,
    "samplerate": 16000.0,
    "channels": 1.0,
    "audio_md5": "37a16d01c423d31d3c248dcbdc20b8c6",
    "loudness": -23.694486618041992,
    "dynamic_range": 0.0,
    "temporal_centroid": 0.2750338315963745,
    "log_attack_time": -2.191120147705078,
    "filesize": 6732,
    "single_event": true,
    "hardness": 73.91277979640145,
    "depth": 28.381908567443304,
    "brightness": 78.03129554220762,
    "roughness": 70.43544601611413,
    "warmth": 22.665163279534735,
    "sharpness": 67.77705570681977,
    "boominess": 5.869878645833307,
    "reverb": false
}