{
    "duration": 0.34831249713897705,
    "lossless": 1.0,
    "codec": "pcm_s16le",
    "bitrate": 256000.0,
    "samplerate": 16000.0,
    "channels": 1.0,
    "audio_md5": "a2dc57299e62c8dab91bfb47c21a1e05",
    "loudness": -22.51274871826172,
    "dynamic_range": 0.0,
    "temporal_centroid": 0.21875958144664764,
    "log_attack_time": -1.8068501949310303,
    "filesize": 11190,
    "single_event": true,
    "hardness": 73.84319736328635,
    "depth": 35.735011071714425,
    "brightness": 71.68493990308319,
    "roughness": 64.8684056730242,
    "warmth": 32.80347587502947,
    "sharpness": 56.18638954582215,
    "boominess": 23.338277025020744,
    "reverb": false
}