{
    "duration": 0.48762500286102295,
    "lossless": 1.0,
    "codec": "pcm_s16le",
    "bitrate": 256000.0,
    "samplerate": 16000.0,
    "channels": 1.0,
    "audio_md5": "a2a1d10d97470ff5f235d0d5fd20698a",
    "loudness": -20.90871238708496,
    "dynamic_range": 0.0,
    "temporal_centroid": 0.16165320575237274,
    "log_attack_time": -1.7285114526748657,
    "filesize": 15648,
    "single_event": true,
    "hardness": 74.39565093693622,
    "depth": 29.542312482020698,
    "brightness": 71.61048999630563,
    "roughness": 62.45959071140044,
    "warmth": 29.789387518181655,
    "sharpness": 56.70328602841273,
    "boominess": 22.508598814623475,
    "reverb": false
}