{
    "duration": 0.5108749866485596,
    "lossless": 1.0,
    "codec": "pcm_s16le",
    "bitrate": 256000.0,
    "samplerate": 16000.0,
    "channels": 1.0,
    "audio_md5": "748bf2ee8f6a1c9a8c45c72e4759b416",
    "loudness": -21.842742919921875,
    "dynamic_range": 0.0,
    "temporal_centroid": 0.17935650050640106,
    "log_attack_time": -1.5656193494796753,
    "filesize": 16392,
    "single_event": true,
    "hardness": 72.92898204607687,
    "depth": 26.87980792800076,
    "brightness": 68.91777126052403,
    "roughness": 59.88018617957488,
    "warmth": 31.6336194026211,
    "sharpness": 57.836529348805946,
    "boominess": 14.759333184664927,
    "reverb": false
}