{
    "duration": 0.2786875069141388,
    "lossless": 1.0,
    "codec": "pcm_s16le",
    "bitrate": 256000.0,
    "samplerate": 16000.0,
    "channels": 1.0,
    "audio_md5": "c760b87b6646e50190c86c1151ebb3ce",
    "loudness": -20.82288932800293,
    "dynamic_range": 0.0,
    "temporal_centroid": 0.20827090740203857,
    "log_attack_time": -1.7473615407943726,
    "filesize": 8962,
    "single_event": true,
    "hardness": 74.29012519358491,
    "depth": 35.812372809446316,
    "brightness": 70.58692611811473,
    "roughness": 63.4591905337049,
    "warmth": 30.634298705900548,
    "sharpness": 56.97001042603806,
    "boominess": 23.754152591831698,
    "reverb": false
}