{
    "duration": 0.5108749866485596,
    "lossless": 1.0,
    "codec": "pcm_s16le",
    "bitrate": 256000.0,
    "samplerate": 16000.0,
    "channels": 1.0,
    "audio_md5": "7a9bcd643482363d2d4cbdf8ada188e0",
    "loudness": -22.897733688354492,
    "dynamic_range": 0.0,
    "temporal_centroid": 0.17258445918560028,
    "log_attack_time": -1.699955940246582,
    "filesize": 16392,
    "single_event": true,
    "hardness": 74.48884372252411,
    "depth": 26.406716380075487,
    "brightness": 73.72904473640922,
    "roughness": 63.37231172839951,
    "warmth": 29.725206179136133,
    "sharpness": 59.292691225819745,
    "boominess": 16.44437167129183,
    "reverb": false
}