{
    "duration": 0.23225000500679016,
    "lossless": 1.0,
    "codec": "pcm_s16le",
    "bitrate": 256000.0,
    "samplerate": 16000.0,
    "channels": 1.0,
    "audio_md5": "94e3587cba1fdabd10ebb6562c1c1f39",
    "loudness": -24.054899215698242,
    "dynamic_range": 0.0,
    "temporal_centroid": 0.23093271255493164,
    "log_attack_time": -2.3099846839904785,
    "filesize": 7476,
    "single_event": true,
    "hardness": 69.98456297357089,
    "depth": 26.53842216630737,
    "brightness": 72.81424983853293,
    "roughness": 59.91277218641871,
    "warmth": 26.05011858324559,
    "sharpness": 58.14480282788752,
    "boominess": 14.729403644238037,
    "reverb": false
}