{
    "duration": 0.20900000631809235,
    "lossless": 1.0,
    "codec": "pcm_s16le",
    "bitrate": 256000.0,
    "samplerate": 16000.0,
    "channels": 1.0,
    "audio_md5": "1960e4ebd1258c2e9bfd2a058254f289",
    "loudness": -23.431047439575195,
    "dynamic_range": 0.0,
    "temporal_centroid": 0.24696855247020721,
    "log_attack_time": -2.239604949951172,
    "filesize": 6732,
    "single_event": true,
    "hardness": 74.36423656430159,
    "depth": 30.068561857569513,
    "brightness": 73.0753890868359,
    "roughness": 61.185183381609185,
    "warmth": 25.835278747245024,
    "sharpness": 60.6303785893501,
    "boominess": 17.815243664137785,
    "reverb": false
}