{
    "duration": 0.3251250088214874,
    "lossless": 1.0,
    "codec": "pcm_s16le",
    "bitrate": 256000.0,
    "samplerate": 16000.0,
    "channels": 1.0,
    "audio_md5": "b396015c5cb365f9377a5b4d7dc2c1a8",
    "loudness": -20.307382583618164,
    "dynamic_range": 0.0,
    "temporal_centroid": 0.19215109944343567,
    "log_attack_time": -2.0522618293762207,
    "filesize": 10448,
    "single_event": true,
    "hardness": 74.94973160992092,
    "depth": 33.607460578109446,
    "brightness": 77.18413936481582,
    "roughness": 65.56928591966603,
    "warmth": 28.53511788569581,
    "sharpness": 59.81102890665329,
    "boominess": 27.352691380176047,
    "reverb": false
}