{
    "duration": 0.6037499904632568,
    "lossless": 1.0,
    "codec": "pcm_s16le",
    "bitrate": 256000.0,
    "samplerate": 16000.0,
    "channels": 1.0,
    "audio_md5": "ab13540d50602bcaba7583ce9c0caa34",
    "loudness": -23.44011878967285,
    "dynamic_range": 0.0,
    "temporal_centroid": 0.1514483243227005,
    "log_attack_time": -1.6940737962722778,
    "filesize": 19364,
    "single_event": true,
    "hardness": 74.56548670831975,
    "depth": 32.259619583561665,
    "brightness": 75.26346249633504,
    "roughness": 61.81018574829844,
    "warmth": 28.35558462929369,
    "sharpness": 60.76925710907277,
    "boominess": 23.72294012735482,
    "reverb": false
}