{
    "duration": 0.2554374933242798,
    "lossless": 1.0,
    "codec": "pcm_s16le",
    "bitrate": 256000.0,
    "samplerate": 16000.0,
    "channels": 1.0,
    "audio_md5": "8f12349c2bfabc66255adee0ebf44f94",
    "loudness": -24.176237106323242,
    "dynamic_range": 0.0,
    "temporal_centroid": 0.21654252707958221,
    "log_attack_time": -1.9251072406768799,
    "filesize": 8218,
    "single_event": true,
    "hardness": 74.48536626727989,
    "depth": 28.794136361464552,
    "brightness": 74.30371751022807,
    "roughness": 66.35522340120488,
    "warmth": 26.338576498899997,
    "sharpness": 58.90292377579822,
    "boominess": 14.498108273286398,
    "reverb": false
}