{
    "duration": 0.3251250088214874,
    "lossless": 1.0,
    "codec": "pcm_s16le",
    "bitrate": 256000.0,
    "samplerate": 16000.0,
    "channels": 1.0,
    "audio_md5": "229bfbeaba65b24f8c57f68d7442b101",
    "loudness": -22.815385818481445,
    "dynamic_range": 0.0,
    "temporal_centroid": 0.1754271239042282,
    "log_attack_time": -1.7883141040802002,
    "filesize": 10448,
    "single_event": true,
    "hardness": 74.06463587162938,
    "depth": 31.612077979626953,
    "brightness": 74.40599491685764,
    "roughness": 64.00891844996369,
    "warmth": 25.539471644974924,
    "sharpness": 60.85805063839102,
    "boominess": 11.829197366062296,
    "reverb": false
}