{
    "duration": 0.23225000500679016,
    "lossless": 1.0,
    "codec": "pcm_s16le",
    "bitrate": 256000.0,
    "samplerate": 16000.0,
    "channels": 1.0,
    "audio_md5": "eace1fb37a3b29df0b9ae63fc22e5d3e",
    "loudness": -25.99123191833496,
    "dynamic_range": 0.0,
    "temporal_centroid": 0.22834190726280212,
    "log_attack_time": -2.158717155456543,
    "filesize": 7476,
    "single_event": true,
    "hardness": 71.27129885608232,
    "depth": 31.408645065542565,
    "brightness": 77.55455467714856,
    "roughness": 66.58092701789765,
    "warmth": 21.967830642719754,
    "sharpness": 65.78851737447465,
    "boominess": 13.139874699173289,
    "reverb": false
}