{
    "duration": 0.6966249942779541,
    "lossless": 1.0,
    "codec": "pcm_s16le",
    "bitrate": 256000.0,
    "samplerate": 16000.0,
    "channels": 1.0,
    "audio_md5": "35666d0e73fc27c6a6da55b7371ccf4e",
    "loudness": -24.229215621948242,
    "dynamic_range": 0.0,
    "temporal_centroid": 0.1374184936285019,
    "log_attack_time": -1.743525505065918,
    "filesize": 22336,
    "single_event": true,
    "hardness": 75.22788302917914,
    "depth": 33.55833431710336,
    "brightness": 72.29698948422671,
    "roughness": 60.83547723235712,
    "warmth": 27.048845403066714,
    "sharpness": 58.8185075351241,
    "boominess": 21.888512133046085,
    "reverb": false
}