{
    "duration": 0.2786875069141388,
    "lossless": 1.0,
    "codec": "pcm_s16le",
    "bitrate": 256000.0,
    "samplerate": 16000.0,
    "channels": 1.0,
    "audio_md5": "b91b72f4c48400fc8a7ad2c5d7dbfe8a",
    "loudness": -22.454946517944336,
    "dynamic_range": 0.0,
    "temporal_centroid": 0.1953570544719696,
    "log_attack_time": -1.912044882774353,
    "filesize": 8962,
    "single_event": true,
    "hardness": 74.30336381688755,
    "depth": 29.789261106423936,
    "brightness": 74.74443429754504,
    "roughness": 64.93666575090528,
    "warmth": 25.786937444883257,
    "sharpness": 59.83885814233736,
    "boominess": 14.287130415972227,
    "reverb": false
}