{
    "duration": 0.2554374933242798,
    "lossless": 1.0,
    "codec": "pcm_s16le",
    "bitrate": 256000.0,
    "samplerate": 16000.0,
    "channels": 1.0,
    "audio_md5": "0fb6645075b88be0b945ceb853301647",
    "loudness": -25.071971893310547,
    "dynamic_range": 0.0,
    "temporal_centroid": 0.21798335015773773,
    "log_attack_time": -2.158717155456543,
    "filesize": 8218,
    "single_event": true,
    "hardness": 69.96083432563924,
    "depth": 35.0011278445733,
    "brightness": 74.67107370137413,
    "roughness": 65.15550107590698,
    "warmth": 25.574752620556986,
    "sharpness": 64.46194796017744,
    "boominess": 17.086791100154404,
    "reverb": false
}