{
    "duration": 0.20900000631809235,
    "lossless": 1.0,
    "codec": "pcm_s16le",
    "bitrate": 256000.0,
    "samplerate": 16000.0,
    "channels": 1.0,
    "audio_md5": "145f38150f1b90e47b831f4434f0c12c",
    "loudness": -26.084177017211914,
    "dynamic_range": 0.0,
    "temporal_centroid": 0.24553851783275604,
    "log_attack_time": -2.300046443939209,
    "filesize": 6732,
    "single_event": true,
    "hardness": 76.09094782002433,
    "depth": 31.255036817724225,
    "brightness": 78.4061306411884,
    "roughness": 67.48223369573742,
    "warmth": 23.09883739774678,
    "sharpness": 69.92389096338138,
    "boominess": 12.707335775956869,
    "reverb": false
}