{
    "duration": 0.3018749952316284,
    "lossless": 1.0,
    "codec": "pcm_s16le",
    "bitrate": 256000.0,
    "samplerate": 16000.0,
    "channels": 1.0,
    "audio_md5": "7639d35b87062e045654bdf8a6d998b8",
    "loudness": -22.479249954223633,
    "dynamic_range": 0.0,
    "temporal_centroid": 0.19422250986099243,
    "log_attack_time": -2.0869312286376953,
    "filesize": 9704,
    "single_event": true,
    "hardness": 70.77597813971965,
    "depth": 34.17013754145335,
    "brightness": 76.4499372521694,
    "roughness": 64.51107728502683,
    "warmth": 24.07925642796272,
    "sharpness": 69.41839670637863,
    "boominess": 16.597066761069087,
    "reverb": false
}