{
    "duration": 0.5108749866485596,
    "lossless": 1.0,
    "codec": "pcm_s16le",
    "bitrate": 256000.0,
    "samplerate": 16000.0,
    "channels": 1.0,
    "audio_md5": "afb1ff635e29fc7309fc4ed889d1bb13",
    "loudness": -20.955615997314453,
    "dynamic_range": 0.0,
    "temporal_centroid": 0.13864058256149292,
    "log_attack_time": -1.677358865737915,
    "filesize": 16392,
    "single_event": true,
    "hardness": 73.17925203570962,
    "depth": 43.60030256281905,
    "brightness": 67.9314119151717,
    "roughness": 59.67003276905533,
    "warmth": 34.40110536547596,
    "sharpness": 54.57284922377464,
    "boominess": 29.983261331353773,
    "reverb": false
}