{
    "duration": 0.5108749866485596,
    "lossless": 1.0,
    "codec": "pcm_s16le",
    "bitrate": 256000.0,
    "samplerate": 16000.0,
    "channels": 1.0,
    "audio_md5": "0ee2652da842f61f0d7313ecaf77b22c",
    "loudness": -23.412282943725586,
    "dynamic_range": 0.0,
    "temporal_centroid": 0.14973391592502594,
    "log_attack_time": -2.0762369632720947,
    "filesize": 16392,
    "single_event": true,
    "hardness": 70.92401404199819,
    "depth": 33.6219521848487,
    "brightness": 63.824928430370115,
    "roughness": 55.65086682039698,
    "warmth": 34.0025206306501,
    "sharpness": 48.69440802975605,
    "boominess": 24.536966429195907,
    "reverb": false
}