{
    "duration": 0.5108749866485596,
    "lossless": 1.0,
    "codec": "pcm_s16le",
    "bitrate": 256000.0,
    "samplerate": 16000.0,
    "channels": 1.0,
    "audio_md5": "106f72565473e78c99e1fb9d7055b9b1",
    "loudness": -22.295564651489258,
    "dynamic_range": 0.0,
    "temporal_centroid": 0.14077511429786682,
    "log_attack_time": -1.8923901319503784,
    "filesize": 16392,
    "single_event": true,
    "hardness": 67.50711214725479,
    "depth": 30.945607036791586,
    "brightness": 59.37664762002008,
    "roughness": 52.54549383189043,
    "warmth": 36.45223244774783,
    "sharpness": 45.299722138735646,
    "boominess": 26.346413942349137,
    "reverb": false
}