{
    "duration": 0.2554374933242798,
    "lossless": 1.0,
    "codec": "pcm_s16le",
    "bitrate": 256000.0,
    "samplerate": 16000.0,
    "channels": 1.0,
    "audio_md5": "ee9b911eee20619a7efd461018e3951c",
    "loudness": -23.51350212097168,
    "dynamic_range": 0.0,
    "temporal_centroid": 0.2416795790195465,
    "log_attack_time": -2.0180983543395996,
    "filesize": 8218,
    "single_event": true,
    "hardness": 74.74875070313357,
    "depth": 29.037280775642152,
    "brightness": 77.61700796500438,
    "roughness": 69.35778785178724,
    "warmth": 24.27886398493275,
    "sharpness": 68.33853258255681,
    "boominess": 7.146000928540442,
    "reverb": false
}