{
    "duration": 0.23225000500679016,
    "lossless": 1.0,
    "codec": "pcm_s16le",
    "bitrate": 256000.0,
    "samplerate": 16000.0,
    "channels": 1.0,
    "audio_md5": "e49e8af4a132a196d6ff99add8cb8e50",
    "loudness": -24.61482810974121,
    "dynamic_range": 0.0,
    "temporal_centroid": 0.23021960258483887,
    "log_attack_time": -1.9032869338989258,
    "filesize": 7476,
    "single_event": true,
    "hardness": 71.4112628428914,
    "depth": 32.15089275699415,
    "brightness": 72.51595474364713,
    "roughness": 63.7154409892105,
    "warmth": 27.33068357390551,
    "sharpness": 57.51684496967697,
    "boominess": 18.47222141678623,
    "reverb": false
}