{
    "duration": 0.6037499904632568,
    "lossless": 1.0,
    "codec": "pcm_s16le",
    "bitrate": 256000.0,
    "samplerate": 16000.0,
    "channels": 1.0,
    "audio_md5": "c1fa37d5c65cbcda27ca4719bc4a343d",
    "loudness": -24.506202697753906,
    "dynamic_range": 0.0,
    "temporal_centroid": 0.1537485420703888,
    "log_attack_time": -2.1420114040374756,
    "filesize": 19364,
    "single_event": true,
    "hardness": 71.12238238104354,
    "depth": 39.9293930935698,
    "brightness": 70.8905825083458,
    "roughness": 57.56807919723407,
    "warmth": 31.587413435283356,
    "sharpness": 65.9990981920765,
    "boominess": 19.468188003776184,
    "reverb": false
}