{
    "duration": 0.34831249713897705,
    "lossless": 1.0,
    "codec": "pcm_s16le",
    "bitrate": 256000.0,
    "samplerate": 16000.0,
    "channels": 1.0,
    "audio_md5": "aa68b9b85e2ae7e5a6b496279bb0feeb",
    "loudness": -23.821203231811523,
    "dynamic_range": 0.0,
    "temporal_centroid": 0.17139828205108643,
    "log_attack_time": -2.3222193717956543,
    "filesize": 11190,
    "single_event": true,
    "hardness": 72.00818015014127,
    "depth": 33.1713655184888,
    "brightness": 77.83629024871598,
    "roughness": 64.60408797657394,
    "warmth": 22.884142267207995,
    "sharpness": 70.01799349951077,
    "boominess": 11.679237028083717,
    "reverb": false
}