{
    "duration": 0.6269999742507935,
    "lossless": 1.0,
    "codec": "pcm_s16le",
    "bitrate": 256000.0,
    "samplerate": 16000.0,
    "channels": 1.0,
    "audio_md5": "77415b175ec00466df96000b7c685e76",
    "loudness": -22.14459228515625,
    "dynamic_range": 0.0,
    "temporal_centroid": 0.16230198740959167,
    "log_attack_time": -1.8216168880462646,
    "filesize": 20108,
    "single_event": true,
    "hardness": 73.00968151457502,
    "depth": 44.61350888533045,
    "brightness": 68.10623900938984,
    "roughness": 61.03019079669864,
    "warmth": 33.426725126609725,
    "sharpness": 55.17786822852017,
    "boominess": 29.473492342123578,
    "reverb": false
}