{
    "duration": 0.4644375145435333,
    "lossless": 1.0,
    "codec": "pcm_s16le",
    "bitrate": 256000.0,
    "samplerate": 16000.0,
    "channels": 1.0,
    "audio_md5": "29531bbe14b9243a98e33c7a79965eaa",
    "loudness": -19.77601432800293,
    "dynamic_range": 0.0,
    "temporal_centroid": 0.14512954652309418,
    "log_attack_time": -1.7841006517410278,
    "filesize": 14906,
    "single_event": true,
    "hardness": 74.19588111818825,
    "depth": 31.783395634741936,
    "brightness": 71.96985338803465,
    "roughness": 61.791930269308054,
    "warmth": 27.89072409064248,
    "sharpness": 58.19323490191435,
    "boominess": 24.691885948166114,
    "reverb": false
}