{
    "duration": 0.3018749952316284,
    "lossless": 1.0,
    "codec": "pcm_s16le",
    "bitrate": 256000.0,
    "samplerate": 16000.0,
    "channels": 1.0,
    "audio_md5": "453b16a5fdd4c31c913ab598aa1d4c47",
    "loudness": -24.960805892944336,
    "dynamic_range": 0.0,
    "temporal_centroid": 0.202743262052536,
    "log_attack_time": -2.033778429031372,
    "filesize": 9704,
    "single_event": true,
    "hardness": 72.94624632944135,
    "depth": 28.751116329385624,
    "brightness": 76.63103563410831,
    "roughness": 66.3914594750751,
    "warmth": 22.92222662245034,
    "sharpness": 65.91441381486436,
    "boominess": 7.831194934301962,
    "reverb": false
}