{
    "duration": 0.4180000126361847,
    "lossless": 1.0,
    "codec": "pcm_s16le",
    "bitrate": 256000.0,
    "samplerate": 16000.0,
    "channels": 1.0,
    "audio_md5": "cd80ad9ae85fbd63fbe1ed3565b494b7",
    "loudness": -22.047094345092773,
    "dynamic_range": 0.0,
    "temporal_centroid": 0.18427304923534393,
    "log_attack_time": -1.772865653038025,
    "filesize": 13420,
    "single_event": true,
    "hardness": 70.0159302434748,
    "depth": 35.2995002812905,
    "brightness": 70.49627044888996,
    "roughness": 64.87385573783835,
    "warmth": 30.915218440638313,
    "sharpness": 56.10591319408108,
    "boominess": 20.08839410720502,
    "reverb": false
}