{
    "duration": 0.5108749866485596,
    "lossless": 1.0,
    "codec": "pcm_s16le",
    "bitrate": 256000.0,
    "samplerate": 16000.0,
    "channels": 1.0,
    "audio_md5": "4a94d6b4549ba264ebfdfe0c7ade8eb1",
    "loudness": -22.846778869628906,
    "dynamic_range": 0.0,
    "temporal_centroid": 0.160054013133049,
    "log_attack_time": -1.8430348634719849,
    "filesize": 16392,
    "single_event": true,
    "hardness": 72.69259788582897,
    "depth": 41.152658031916005,
    "brightness": 70.407489328818,
    "roughness": 60.077940948282254,
    "warmth": 33.74994616790437,
    "sharpness": 55.645853123823244,
    "boominess": 32.66755400176771,
    "reverb": false
}