{
    "duration": 0.48762500286102295,
    "lossless": 1.0,
    "codec": "pcm_s16le",
    "bitrate": 256000.0,
    "samplerate": 16000.0,
    "channels": 1.0,
    "audio_md5": "fac2f4d8b0a381243f61b0d536b9857f",
    "loudness": -25.520784378051758,
    "dynamic_range": 0.0,
    "temporal_centroid": 0.17845816910266876,
    "log_attack_time": -1.772865653038025,
    "filesize": 15648,
    "single_event": true,
    "hardness": 71.30014112293642,
    "depth": 34.95571909617855,
    "brightness": 71.27191743160776,
    "roughness": 66.5848734885597,
    "warmth": 25.66781679818835,
    "sharpness": 60.58483689795029,
    "boominess": 23.89914198843723,
    "reverb": false
}