{
    "duration": 0.6037499904632568,
    "lossless": 1.0,
    "codec": "pcm_s16le",
    "bitrate": 256000.0,
    "samplerate": 16000.0,
    "channels": 1.0,
    "audio_md5": "0202fbf58cfff47cabf54faf979fffdc",
    "loudness": -23.444185256958008,
    "dynamic_range": 0.0,
    "temporal_centroid": 0.16276228427886963,
    "log_attack_time": -1.580355167388916,
    "filesize": 19364,
    "single_event": true,
    "hardness": 76.70836982949066,
    "depth": 39.404458930146646,
    "brightness": 72.67560760175255,
    "roughness": 64.09153677909035,
    "warmth": 29.565817396546226,
    "sharpness": 58.84194407925365,
    "boominess": 26.91378708214704,
    "reverb": false
}