{
    "duration": 0.7663124799728394,
    "lossless": 1.0,
    "codec": "pcm_s16le",
    "bitrate": 256000.0,
    "samplerate": 16000.0,
    "channels": 1.0,
    "audio_md5": "fecaec72c4fa1b653ad73f62d0f72c99",
    "loudness": -24.549259185791016,
    "dynamic_range": 0.0,
    "temporal_centroid": 0.1352800726890564,
    "log_attack_time": -1.7338142395019531,
    "filesize": 24566,
    "single_event": true,
    "hardness": 69.65374331127546,
    "depth": 36.91961682087674,
    "brightness": 57.51421405080023,
    "roughness": 51.92990305723591,
    "warmth": 35.76833170476388,
    "sharpness": 51.95714059403693,
    "boominess": 24.66776046830185,
    "reverb": false
}