{
    "duration": 0.23225000500679016,
    "lossless": 1.0,
    "codec": "pcm_s16le",
    "bitrate": 256000.0,
    "samplerate": 16000.0,
    "channels": 1.0,
    "audio_md5": "ec3c733c7f6935a9fc8be3ba82d20118",
    "loudness": -23.287351608276367,
    "dynamic_range": 0.0,
    "temporal_centroid": 0.25315195322036743,
    "log_attack_time": -1.7757941484451294,
    "filesize": 7476,
    "single_event": true,
    "hardness": 74.82094075872755,
    "depth": 41.372769413382464,
    "brightness": 69.13565592240707,
    "roughness": 67.1769095963864,
    "warmth": 30.62094889237031,
    "sharpness": 59.218903335630586,
    "boominess": 25.554976936822655,
    "reverb": false
}