{
    "duration": 0.37156251072883606,
    "lossless": 1.0,
    "codec": "pcm_s16le",
    "bitrate": 256000.0,
    "samplerate": 16000.0,
    "channels": 1.0,
    "audio_md5": "e81b2216998fc504764658fe3d4e6a1b",
    "loudness": -24.646451950073242,
    "dynamic_range": 0.0,
    "temporal_centroid": 0.1850549876689911,
    "log_attack_time": -1.83555269241333,
    "filesize": 11934,
    "single_event": true,
    "hardness": 73.2727880851152,
    "depth": 30.115215694914937,
    "brightness": 64.72124325785055,
    "roughness": 59.779158391742804,
    "warmth": 33.953132078891535,
    "sharpness": 49.784002561170624,
    "boominess": 25.649097835928437,
    "reverb": false
}