{
    "duration": 0.2786875069141388,
    "lossless": 1.0,
    "codec": "pcm_s16le",
    "bitrate": 256000.0,
    "samplerate": 16000.0,
    "channels": 1.0,
    "audio_md5": "ac4220a093df11d8c3e1ac5b6b68b811",
    "loudness": -23.034683227539062,
    "dynamic_range": 0.0,
    "temporal_centroid": 0.19740737974643707,
    "log_attack_time": -2.0821456909179688,
    "filesize": 8962,
    "single_event": true,
    "hardness": 64.69327697424475,
    "depth": 46.770258484679445,
    "brightness": 57.8531561198132,
    "roughness": 52.92245517640237,
    "warmth": 43.431923664609116,
    "sharpness": 44.256766011675396,
    "boominess": 35.107837474483,
    "reverb": false
}