{
    "duration": 0.3251250088214874,
    "lossless": 1.0,
    "codec": "pcm_s16le",
    "bitrate": 256000.0,
    "samplerate": 16000.0,
    "channels": 1.0,
    "audio_md5": "0064052bc89dd845115bb4e236c0168e",
    "loudness": -22.071311950683594,
    "dynamic_range": 0.0,
    "temporal_centroid": 0.1790749430656433,
    "log_attack_time": -2.0089547634124756,
    "filesize": 10448,
    "single_event": true,
    "hardness": 65.15171074761952,
    "depth": 41.504416018716384,
    "brightness": 61.90105111379571,
    "roughness": 51.98470130228706,
    "warmth": 42.39377747166598,
    "sharpness": 46.13072988947105,
    "boominess": 35.786946589776036,
    "reverb": false
}