{
    "duration": 0.4180000126361847,
    "lossless": 1.0,
    "codec": "pcm_s16le",
    "bitrate": 256000.0,
    "samplerate": 16000.0,
    "channels": 1.0,
    "audio_md5": "98fb3985f1bbfd5dd3037ed07879912f",
    "loudness": -23.74733543395996,
    "dynamic_range": 0.0,
    "temporal_centroid": 0.16705092787742615,
    "log_attack_time": -1.9677449464797974,
    "filesize": 13420,
    "single_event": true,
    "hardness": 71.18631261882388,
    "depth": 39.11043085014454,
    "brightness": 59.74764813504042,
    "roughness": 54.084890746347384,
    "warmth": 40.07407796802158,
    "sharpness": 45.84058551792007,
    "boominess": 33.49858591266498,
    "reverb": false
}