{
    "duration": 0.3947499990463257,
    "lossless": 1.0,
    "codec": "pcm_s16le",
    "bitrate": 256000.0,
    "samplerate": 16000.0,
    "channels": 1.0,
    "audio_md5": "c94e3a1a30f780951cae147e0390e696",
    "loudness": -21.60860824584961,
    "dynamic_range": 0.0,
    "temporal_centroid": 0.15728597342967987,
    "log_attack_time": -1.9714176654815674,
    "filesize": 12676,
    "single_event": true,
    "hardness": 69.36622719570633,
    "depth": 50.821403456118034,
    "brightness": 58.94008705593285,
    "roughness": 51.56937840500453,
    "warmth": 42.07462221036694,
    "sharpness": 47.19002401824551,
    "boominess": 36.373222636502724,
    "reverb": false
}