{
    "duration": 0.4180000126361847,
    "lossless": 1.0,
    "codec": "pcm_s16le",
    "bitrate": 256000.0,
    "samplerate": 16000.0,
    "channels": 1.0,
    "audio_md5": "53d16c9f0ddb2c78d66d22884676b8b0",
    "loudness": -20.28058433532715,
    "dynamic_range": 0.0,
    "temporal_centroid": 0.15139657258987427,
    "log_attack_time": -1.908042073249817,
    "filesize": 13420,
    "single_event": true,
    "hardness": 60.87767641604427,
    "depth": 52.33423530675579,
    "brightness": 55.79080612933242,
    "roughness": 47.08066036340842,
    "warmth": 46.77615802224794,
    "sharpness": 41.87713465211902,
    "boominess": 35.603983718644365,
    "reverb": false
}