{
    "duration": 0.34831249713897705,
    "lossless": 1.0,
    "codec": "pcm_s16le",
    "bitrate": 256000.0,
    "samplerate": 16000.0,
    "channels": 1.0,
    "audio_md5": "af393c3cabbd37b39245454069571acb",
    "loudness": -23.080448150634766,
    "dynamic_range": 0.0,
    "temporal_centroid": 0.18783117830753326,
    "log_attack_time": -1.9472092390060425,
    "filesize": 11190,
    "single_event": true,
    "hardness": 64.97629822096073,
    "depth": 46.66921778882967,
    "brightness": 59.59701014536531,
    "roughness": 53.48889692338296,
    "warmth": 45.012780276781726,
    "sharpness": 45.937149556310416,
    "boominess": 32.40822510754285,
    "reverb": false
}