{
    "duration": 0.4411875009536743,
    "lossless": 1.0,
    "codec": "pcm_s16le",
    "bitrate": 256000.0,
    "samplerate": 16000.0,
    "channels": 1.0,
    "audio_md5": "dd88c55a5fc0f1530a489ea0dc29a4d1",
    "loudness": -23.148488998413086,
    "dynamic_range": 0.0,
    "temporal_centroid": 0.15080517530441284,
    "log_attack_time": -2.0478415489196777,
    "filesize": 14162,
    "single_event": true,
    "hardness": 69.98105181166258,
    "depth": 55.44262990754264,
    "brightness": 60.568940032675265,
    "roughness": 52.4888639852778,
    "warmth": 40.475360137613805,
    "sharpness": 45.83529721376262,
    "boominess": 31.22422757948718,
    "reverb": false
}