{
    "duration": 0.4411875009536743,
    "lossless": 1.0,
    "codec": "pcm_s16le",
    "bitrate": 256000.0,
    "samplerate": 16000.0,
    "channels": 1.0,
    "audio_md5": "a611eae224c3c7b5d174d716e51b6b41",
    "loudness": -22.472570419311523,
    "dynamic_range": 0.0,
    "temporal_centroid": 0.1414942741394043,
    "log_attack_time": -1.838937759399414,
    "filesize": 14162,
    "single_event": true,
    "hardness": 64.44508837838336,
    "depth": 47.35433929853404,
    "brightness": 57.91484521194343,
    "roughness": 50.5941370679941,
    "warmth": 42.808190582491186,
    "sharpness": 44.02034628255214,
    "boominess": 34.23522900561442,
    "reverb": false
}