{
    "duration": 0.4644375145435333,
    "lossless": 1.0,
    "codec": "pcm_s16le",
    "bitrate": 256000.0,
    "samplerate": 16000.0,
    "channels": 1.0,
    "audio_md5": "58135413dbd29dd69dce5bd64c0ffd99",
    "loudness": -20.836322784423828,
    "dynamic_range": 0.0,
    "temporal_centroid": 0.15452146530151367,
    "log_attack_time": -1.8817600011825562,
    "filesize": 14906,
    "single_event": true,
    "hardness": 65.32719136048104,
    "depth": 47.91730377128467,
    "brightness": 57.119303442898946,
    "roughness": 49.03432621385892,
    "warmth": 44.048921645172214,
    "sharpness": 43.61948210540681,
    "boominess": 34.04466704776563,
    "reverb": false
}