{
    "duration": 0.4411875009536743,
    "lossless": 1.0,
    "codec": "pcm_s16le",
    "bitrate": 256000.0,
    "samplerate": 16000.0,
    "channels": 1.0,
    "audio_md5": "1e82036d8fbbc8aa0a2b6b4265774113",
    "loudness": -23.54950714111328,
    "dynamic_range": 0.0,
    "temporal_centroid": 0.15539269149303436,
    "log_attack_time": -1.893930196762085,
    "filesize": 14162,
    "single_event": true,
    "hardness": 67.29305548635199,
    "depth": 43.70727835508532,
    "brightness": 57.85695990110809,
    "roughness": 51.188152161983034,
    "warmth": 41.717547404107435,
    "sharpness": 44.16834866732786,
    "boominess": 31.51708961638279,
    "reverb": false
}