{
    "duration": 0.34831249713897705,
    "lossless": 1.0,
    "codec": "pcm_s16le",
    "bitrate": 256000.0,
    "samplerate": 16000.0,
    "channels": 1.0,
    "audio_md5": "bece395b4de8b01000ac5c4d4d0058cf",
    "loudness": -27.168472290039062,
    "dynamic_range": 0.0,
    "temporal_centroid": 0.19236156344413757,
    "log_attack_time": -1.983573079109192,
    "filesize": 11190,
    "single_event": true,
    "hardness": 71.00377552868002,
    "depth": 47.93474053937936,
    "brightness": 61.4341298807205,
    "roughness": 57.163001926814005,
    "warmth": 42.518369986075115,
    "sharpness": 52.7386462580189,
    "boominess": 33.921256371435206,
    "reverb": false
}