{
    "duration": 0.4411875009536743,
    "lossless": 1.0,
    "codec": "pcm_s16le",
    "bitrate": 256000.0,
    "samplerate": 16000.0,
    "channels": 1.0,
    "audio_md5": "d9c89e6595e817d40cc9d77197b09b8e",
    "loudness": -21.521390914916992,
    "dynamic_range": 0.0,
    "temporal_centroid": 0.14265955984592438,
    "log_attack_time": -1.9542425870895386,
    "filesize": 14162,
    "single_event": true,
    "hardness": 63.95922761704534,
    "depth": 51.8710360677177,
    "brightness": 57.41549123960137,
    "roughness": 47.71657042236161,
    "warmth": 44.50976694840929,
    "sharpness": 45.15098741821552,
    "boominess": 35.68728443051332,
    "reverb": false
}