{
    "duration": 0.37156251072883606,
    "lossless": 1.0,
    "codec": "pcm_s16le",
    "bitrate": 256000.0,
    "samplerate": 16000.0,
    "channels": 1.0,
    "audio_md5": "d2f0e75e5c10e7918f71e007e76da1d0",
    "loudness": -24.8833065032959,
    "dynamic_range": 0.0,
    "temporal_centroid": 0.18190154433250427,
    "log_attack_time": -2.046743392944336,
    "filesize": 11934,
    "single_event": true,
    "hardness": 67.0439675973744,
    "depth": 43.90969833788364,
    "brightness": 60.683904914435516,
    "roughness": 53.94788002829284,
    "warmth": 39.963320636728064,
    "sharpness": 46.24095030873349,
    "boominess": 31.58412647716879,
    "reverb": false
}