{
    "duration": 0.6966249942779541,
    "lossless": 1.0,
    "codec": "pcm_s16le",
    "bitrate": 256000.0,
    "samplerate": 16000.0,
    "channels": 1.0,
    "audio_md5": "f9f4de23dda92e3adb340019a373e7c5",
    "loudness": -21.61496925354004,
    "dynamic_range": 0.0,
    "temporal_centroid": 0.27232182025909424,
    "log_attack_time": -1.490319013595581,
    "filesize": 22336,
    "single_event": true,
    "hardness": 76.7603976584432,
    "depth": 32.112500343552625,
    "brightness": 75.91327911760106,
    "roughness": 70.5851193021941,
    "warmth": 24.34691901910807,
    "sharpness": 68.34129750537042,
    "boominess": 14.908494298912373,
    "reverb": false
}