{
    "duration": 0.4411875009536743,
    "lossless": 1.0,
    "codec": "pcm_s16le",
    "bitrate": 256000.0,
    "samplerate": 16000.0,
    "channels": 1.0,
    "audio_md5": "e7e66470ab6ea9f4a46e819e98d533a0",
    "loudness": -27.763504028320312,
    "dynamic_range": 0.0,
    "temporal_centroid": 0.20912759006023407,
    "log_attack_time": -1.768798589706421,
    "filesize": 14162,
    "single_event": true,
    "hardness": 68.4665283961019,
    "depth": 13.598713929539912,
    "brightness": 81.81637773838739,
    "roughness": 67.79412593719641,
    "warmth": 13.464613503151831,
    "sharpness": 79.49654542161932,
    "boominess": 0.0,
    "reverb": false
}