{
    "duration": 0.31200000643730164,
    "lossless": 1.0,
    "codec": "pcm_s16le",
    "bitrate": 256000.0,
    "samplerate": 16000.0,
    "channels": 1.0,
    "audio_md5": "6be02c8f19a35d2918d83430e10ebea4",
    "loudness": -17.452566146850586,
    "dynamic_range": 0.0,
    "temporal_centroid": 0.20445223152637482,
    "log_attack_time": -1.5362119674682617,
    "filesize": 10028,
    "single_event": true,
    "hardness": 25.659717346863147,
    "depth": 66.7343734491205,
    "brightness": 26.364895782430878,
    "roughness": 38.23048802784983,
    "warmth": 60.34848880719587,
    "sharpness": 0.0,
    "boominess": 61.29506302583991,
    "reverb": false
}