{
    "duration": 0.5805000066757202,
    "lossless": 1.0,
    "codec": "pcm_s16le",
    "bitrate": 256000.0,
    "samplerate": 16000.0,
    "channels": 1.0,
    "audio_md5": "d89a3d7dc69b53223a1a8fbca7e845bb",
    "loudness": -18.843860626220703,
    "dynamic_range": 0.0,
    "temporal_centroid": 0.19576416909694672,
    "log_attack_time": -1.6006834506988525,
    "filesize": 18620,
    "single_event": true,
    "hardness": 51.19999006076466,
    "depth": 69.0602676062331,
    "brightness": 38.871388953662134,
    "roughness": 40.780927559396424,
    "warmth": 59.46231214362969,
    "sharpness": 29.74531428916292,
    "boominess": 48.57584056124816,
    "reverb": false
}