{
    "duration": 0.14949999749660492,
    "lossless": 1.0,
    "codec": "pcm_s16le",
    "bitrate": 256000.0,
    "samplerate": 16000.0,
    "channels": 1.0,
    "audio_md5": "27e8504a36aa6d0052165ee0a0726ceb",
    "loudness": -19.946311950683594,
    "dynamic_range": 0.0,
    "temporal_centroid": 0.36300593614578247,
    "log_attack_time": -1.7950191497802734,
    "filesize": 4828,
    "single_event": true,
    "hardness": 65.44296828039495,
    "depth": 22.96937984978768,
    "brightness": 59.78082504503907,
    "roughness": 61.0863405454733,
    "warmth": 35.611096138931295,
    "sharpness": 54.097060163213314,
    "boominess": 16.32526397757495,
    "reverb": false
}