{
    "duration": 0.34831249713897705,
    "lossless": 1.0,
    "codec": "pcm_s16le",
    "bitrate": 256000.0,
    "samplerate": 16000.0,
    "channels": 1.0,
    "audio_md5": "4b27cb9508e8e97042e8de835b6582c3",
    "loudness": -25.632892608642578,
    "dynamic_range": 0.0,
    "temporal_centroid": 0.22286547720432281,
    "log_attack_time": -1.3915855884552002,
    "filesize": 11190,
    "single_event": true,
    "hardness": 64.90302887252867,
    "depth": 9.855802772476785,
    "brightness": 82.89715120114289,
    "roughness": 68.87860891991909,
    "warmth": 13.823665654405481,
    "sharpness": 82.331351486818,
    "boominess": 5.348379749326011,
    "reverb": false
}