{
    "duration": 0.1393750011920929,
    "lossless": 1.0,
    "codec": "pcm_s16le",
    "bitrate": 256000.0,
    "samplerate": 16000.0,
    "channels": 1.0,
    "audio_md5": "38704454fc403eeb12b69e25ba8edc23",
    "loudness": -28.72723960876465,
    "dynamic_range": 0.0,
    "temporal_centroid": 0.4353809356689453,
    "log_attack_time": -1.4446834325790405,
    "filesize": 4504,
    "single_event": true,
    "hardness": 63.52441592563525,
    "depth": 7.322268563446002,
    "brightness": 82.56780227762528,
    "roughness": 72.04910875058451,
    "warmth": 11.743148156822805,
    "sharpness": 81.29874411668942,
    "boominess": 0.0,
    "reverb": false
}