{
    "duration": 0.1381874978542328,
    "lossless": 1.0,
    "codec": "pcm_s16le",
    "bitrate": 256000.0,
    "samplerate": 16000.0,
    "channels": 1.0,
    "audio_md5": "dda4150323b0ebbc676d2195adbe9c24",
    "loudness": -21.98674964904785,
    "dynamic_range": 0.0,
    "temporal_centroid": 0.36511459946632385,
    "log_attack_time": -1.945468544960022,
    "filesize": 4466,
    "single_event": true,
    "hardness": 74.53596321845669,
    "depth": 11.434942491527252,
    "brightness": 70.27100141369613,
    "roughness": 54.72342634284,
    "warmth": 22.997437488842507,
    "sharpness": 70.4312308886783,
    "boominess": 0.0,
    "reverb": false
}