{
    "duration": 0.34831249713897705,
    "lossless": 1.0,
    "codec": "pcm_s16le",
    "bitrate": 256000.0,
    "samplerate": 16000.0,
    "channels": 1.0,
    "audio_md5": "c467b4e082f21672d9bf1a4a642df96f",
    "loudness": -24.51991844177246,
    "dynamic_range": 0.0,
    "temporal_centroid": 0.22181496024131775,
    "log_attack_time": -2.006948947906494,
    "filesize": 11190,
    "single_event": true,
    "hardness": 71.11397792617848,
    "depth": 36.231418486955604,
    "brightness": 66.94386510697814,
    "roughness": 60.06895990263904,
    "warmth": 33.110102637212506,
    "sharpness": 57.2725805863176,
    "boominess": 24.650597428091373,
    "reverb": false
}