{
    "duration": 0.5108749866485596,
    "lossless": 1.0,
    "codec": "pcm_s16le",
    "bitrate": 256000.0,
    "samplerate": 16000.0,
    "channels": 1.0,
    "audio_md5": "b1b1899f2bd0311173a87ddf3b754dcd",
    "loudness": -18.95832061767578,
    "dynamic_range": 0.0,
    "temporal_centroid": 0.14719605445861816,
    "log_attack_time": -1.8520468473434448,
    "filesize": 16392,
    "single_event": true,
    "hardness": 72.21581938952932,
    "depth": 55.72299501483565,
    "brightness": 62.2734427648693,
    "roughness": 55.16092715064559,
    "warmth": 35.920181451746515,
    "sharpness": 51.063285400329875,
    "boominess": 34.85380421340104,
    "reverb": false
}