{
    "duration": 0.6966249942779541,
    "lossless": 1.0,
    "codec": "pcm_s16le",
    "bitrate": 256000.0,
    "samplerate": 16000.0,
    "channels": 1.0,
    "audio_md5": "16716b7c4ddd1b823f3275bad905f8e6",
    "loudness": -18.02033233642578,
    "dynamic_range": 0.0,
    "temporal_centroid": 0.1499273031949997,
    "log_attack_time": -1.718096137046814,
    "filesize": 22336,
    "single_event": true,
    "hardness": 69.02505268147968,
    "depth": 59.362425386394435,
    "brightness": 60.32033512147957,
    "roughness": 55.82561311225232,
    "warmth": 41.758671231416216,
    "sharpness": 48.92488175194457,
    "boominess": 36.72829795644725,
    "reverb": false
}