{
    "duration": 0.2786875069141388,
    "lossless": 1.0,
    "codec": "pcm_s16le",
    "bitrate": 256000.0,
    "samplerate": 16000.0,
    "channels": 1.0,
    "audio_md5": "4f1df6259a1b74b88e16010c19b89b5e",
    "loudness": -16.991708755493164,
    "dynamic_range": 0.0,
    "temporal_centroid": 0.30350232124328613,
    "log_attack_time": -1.5886781215667725,
    "filesize": 8962,
    "single_event": true,
    "hardness": 75.35771493859016,
    "depth": 26.915226700240588,
    "brightness": 79.16961683233758,
    "roughness": 71.68395287226075,
    "warmth": 25.151000513940367,
    "sharpness": 70.60945050219141,
    "boominess": 7.816424293141495,
    "reverb": false
}