{
    "duration": 0.1625625044107437,
    "lossless": 1.0,
    "codec": "pcm_s16le",
    "bitrate": 256000.0,
    "samplerate": 16000.0,
    "channels": 1.0,
    "audio_md5": "3605ec5c42680a05b565843423914ff4",
    "loudness": -22.40512466430664,
    "dynamic_range": 0.0,
    "temporal_centroid": 0.34425875544548035,
    "log_attack_time": -1.7883142232894897,
    "filesize": 5246,
    "single_event": true,
    "hardness": 71.27990025393876,
    "depth": 10.089510167917503,
    "brightness": 80.62691748444888,
    "roughness": 72.16823579398607,
    "warmth": 17.684894938485794,
    "sharpness": 75.87154344859462,
    "boominess": 0.0,
    "reverb": false
}