{
    "duration": 0.4644375145435333,
    "lossless": 1.0,
    "codec": "pcm_s16le",
    "bitrate": 256000.0,
    "samplerate": 16000.0,
    "channels": 1.0,
    "audio_md5": "62388cc29f35a97da5b9da12e35cbe7d",
    "loudness": -23.79998207092285,
    "dynamic_range": 0.0,
    "temporal_centroid": 0.18266168236732483,
    "log_attack_time": -1.798101544380188,
    "filesize": 14906,
    "single_event": true,
    "hardness": 74.87962918763205,
    "depth": 44.907334094334445,
    "brightness": 72.3535919376713,
    "roughness": 62.678659846378665,
    "warmth": 30.520191886995256,
    "sharpness": 58.1933117894586,
    "boominess": 32.5979714280782,
    "reverb": false
}