{
    "duration": 0.1393750011920929,
    "lossless": 1.0,
    "codec": "pcm_s16le",
    "bitrate": 256000.0,
    "samplerate": 16000.0,
    "channels": 1.0,
    "audio_md5": "646f46cfd2119d8496e0b685b28ae832",
    "loudness": -21.608976364135742,
    "dynamic_range": 0.0,
    "temporal_centroid": 0.35634806752204895,
    "log_attack_time": -2.0556068420410156,
    "filesize": 4504,
    "single_event": true,
    "hardness": 30.92998374947898,
    "depth": 71.38902885014731,
    "brightness": 27.154685207852125,
    "roughness": 31.344680531180977,
    "warmth": 62.48191236329228,
    "sharpness": 0.0,
    "boominess": 59.019934994440305,
    "reverb": false
}