{
    "duration": 0.28737500309944153,
    "lossless": 1.0,
    "codec": "pcm_s16le",
    "bitrate": 256000.0,
    "samplerate": 16000.0,
    "channels": 1.0,
    "audio_md5": "7a62319fd9a58ecb4f48c2b708bf1ae1",
    "loudness": -23.180252075195312,
    "dynamic_range": 0.0,
    "temporal_centroid": 0.23136933147907257,
    "log_attack_time": -1.7734497785568237,
    "filesize": 9240,
    "single_event": true,
    "hardness": 74.57980167323393,
    "depth": 36.210186646931845,
    "brightness": 81.70130583523124,
    "roughness": 70.74937309383334,
    "warmth": 20.38009627821173,
    "sharpness": 78.39263570753059,
    "boominess": 0.6296330877900438,
    "reverb": false
}