{
    "duration": 0.4411875009536743,
    "lossless": 1.0,
    "codec": "pcm_s16le",
    "bitrate": 256000.0,
    "samplerate": 16000.0,
    "channels": 1.0,
    "audio_md5": "9da8bb5e2033e7b8ee2175fc9ce6ea85",
    "loudness": -21.081844329833984,
    "dynamic_range": 0.0,
    "temporal_centroid": 0.2683636546134949,
    "log_attack_time": -1.7479124069213867,
    "filesize": 14162,
    "single_event": true,
    "hardness": 43.46821856809143,
    "depth": 47.312493727747324,
    "brightness": 44.71064032401712,
    "roughness": 35.29504541770384,
    "warmth": 52.28000488900969,
    "sharpness": 29.502797082911194,
    "boominess": 38.07797706867262,
    "reverb": false
}