{
    "duration": 0.2786875069141388,
    "lossless": 1.0,
    "codec": "pcm_s16le",
    "bitrate": 256000.0,
    "samplerate": 16000.0,
    "channels": 1.0,
    "audio_md5": "29d835cf928133f868ea88d0e22b4444",
    "loudness": -14.795286178588867,
    "dynamic_range": 0.0,
    "temporal_centroid": 0.3859976828098297,
    "log_attack_time": -1.2068465948104858,
    "filesize": 8962,
    "single_event": true,
    "hardness": 48.05035808104054,
    "depth": 69.3107958143425,
    "brightness": 28.670025075269017,
    "roughness": 0,
    "warmth": 60.028095423253134,
    "sharpness": 33.73781333481787,
    "boominess": 44.65434054904607,
    "reverb": false
}