{
    "duration": 0.23225000500679016,
    "lossless": 1.0,
    "codec": "pcm_s16le",
    "bitrate": 256000.0,
    "samplerate": 16000.0,
    "channels": 1.0,
    "audio_md5": "fe2b07a3dfe80df1eba81d45853bad33",
    "loudness": -17.03759002685547,
    "dynamic_range": 0.0,
    "temporal_centroid": 0.39052215218544006,
    "log_attack_time": -1.138339638710022,
    "filesize": 7476,
    "single_event": true,
    "hardness": 57.8566467236121,
    "depth": 67.46866831924744,
    "brightness": 49.81660541656398,
    "roughness": 53.76881955736288,
    "warmth": 55.41886430479821,
    "sharpness": 35.32974717943483,
    "boominess": 40.213237293675874,
    "reverb": false
}