{
    "duration": 0.34831249713897705,
    "lossless": 1.0,
    "codec": "pcm_s16le",
    "bitrate": 256000.0,
    "samplerate": 16000.0,
    "channels": 1.0,
    "audio_md5": "80e13bc965baaa187c2f83902feb3dc6",
    "loudness": -14.203227996826172,
    "dynamic_range": 0.0,
    "temporal_centroid": 0.44219648838043213,
    "log_attack_time": -1.587533712387085,
    "filesize": 11190,
    "single_event": true,
    "hardness": 42.89822140902663,
    "depth": 71.19238611875254,
    "brightness": 43.8461286415601,
    "roughness": 40.567140655287616,
    "warmth": 59.25536967161911,
    "sharpness": 43.65279867422912,
    "boominess": 46.804960671674735,
    "reverb": false
}