{
    "duration": 0.9024375081062317,
    "lossless": 1.0,
    "codec": "pcm_s16le",
    "bitrate": 256000.0,
    "samplerate": 16000.0,
    "channels": 1.0,
    "audio_md5": "695e6556d07d8b44681202c0ebd2e1fd",
    "loudness": -15.567495346069336,
    "dynamic_range": 0.0,
    "temporal_centroid": 0.198501318693161,
    "log_attack_time": -1.6950485706329346,
    "filesize": 28922,
    "single_event": true,
    "hardness": 63.89310851876135,
    "depth": 12.621653248104082,
    "brightness": 82.18967797904858,
    "roughness": 63.309283551494914,
    "warmth": 15.808073477681688,
    "sharpness": 83.74695779888185,
    "boominess": 0.0,
    "reverb": false
}