{
    "duration": 0.5573124885559082,
    "lossless": 1.0,
    "codec": "pcm_s16le",
    "bitrate": 256000.0,
    "samplerate": 16000.0,
    "channels": 1.0,
    "audio_md5": "59977cd0133d73b36a26a75b2d19ea53",
    "loudness": -13.174417495727539,
    "dynamic_range": 0.0,
    "temporal_centroid": 0.1479317843914032,
    "log_attack_time": -1.6901960372924805,
    "filesize": 17878,
    "single_event": true,
    "hardness": 66.68481066948823,
    "depth": 16.591353697959583,
    "brightness": 75.88165555752907,
    "roughness": 45.10455983269546,
    "warmth": 22.120375947377017,
    "sharpness": 66.8030482239283,
    "boominess": 8.761286099422819,
    "reverb": false
}