{
    "duration": 0.4411875009536743,
    "lossless": 1.0,
    "codec": "pcm_s16le",
    "bitrate": 256000.0,
    "samplerate": 16000.0,
    "channels": 1.0,
    "audio_md5": "52dbb20336c9ac6043426f58e4cc0215",
    "loudness": -14.73876667022705,
    "dynamic_range": 0.0,
    "temporal_centroid": 0.41199493408203125,
    "log_attack_time": -1.240289330482483,
    "filesize": 14162,
    "single_event": true,
    "hardness": 43.05949890193804,
    "depth": 70.67528348614022,
    "brightness": 44.29574705247357,
    "roughness": 37.50712230122024,
    "warmth": 58.33614339557052,
    "sharpness": 44.51686854636668,
    "boominess": 45.156688687566486,
    "reverb": false
}