{
    "duration": 0.09293749928474426,
    "lossless": 1.0,
    "codec": "pcm_s16le",
    "bitrate": 256000.0,
    "samplerate": 16000.0,
    "channels": 1.0,
    "audio_md5": "9eeff71983122a04e2ff9a973b2aad98",
    "loudness": -29.60639762878418,
    "dynamic_range": 0.0,
    "temporal_centroid": 0.5278277397155762,
    "log_attack_time": -2.271526575088501,
    "filesize": 3018,
    "single_event": true,
    "hardness": 67.61269197162235,
    "depth": 38.807455746679665,
    "brightness": 64.80386468910336,
    "roughness": 55.38045059358056,
    "warmth": 36.6671629433887,
    "sharpness": 53.76117228972477,
    "boominess": 28.378115249147847,
    "reverb": false
}