{
    "duration": 0.5805000066757202,
    "lossless": 1.0,
    "codec": "pcm_s16le",
    "bitrate": 256000.0,
    "samplerate": 16000.0,
    "channels": 1.0,
    "audio_md5": "ff95507b22af7f8373a3cdba80e3342d",
    "loudness": -17.091266632080078,
    "dynamic_range": 0.0,
    "temporal_centroid": 0.380715936422348,
    "log_attack_time": -1.9112412929534912,
    "filesize": 18620,
    "single_event": true,
    "hardness": 70.23592911263569,
    "depth": 24.531533884017314,
    "brightness": 78.87137720306492,
    "roughness": 72.9145212989339,
    "warmth": 25.706375175787883,
    "sharpness": 68.91538900944913,
    "boominess": 1.5306987631995952,
    "reverb": false
}