{
    "duration": 0.6734374761581421,
    "lossless": 1.0,
    "codec": "pcm_s16le",
    "bitrate": 256000.0,
    "samplerate": 16000.0,
    "channels": 1.0,
    "audio_md5": "3cfadf4d5eba9f4cdea1ed5acb6f7bc8",
    "loudness": -19.981632232666016,
    "dynamic_range": 0.0,
    "temporal_centroid": 0.17434972524642944,
    "log_attack_time": -1.7883142232894897,
    "filesize": 21594,
    "single_event": true,
    "hardness": 41.07169441764333,
    "depth": 67.33720719295943,
    "brightness": 39.682227002027645,
    "roughness": 33.978749597713126,
    "warmth": 58.152143793909836,
    "sharpness": 25.528149143868326,
    "boominess": 46.81048923440106,
    "reverb": false
}