{
    "duration": 0.7894999980926514,
    "lossless": 1.0,
    "codec": "pcm_s16le",
    "bitrate": 256000.0,
    "samplerate": 16000.0,
    "channels": 1.0,
    "audio_md5": "60c50f8e47eaa864baebe4297e6d6d97",
    "loudness": -27.050518035888672,
    "dynamic_range": 0.0,
    "temporal_centroid": 0.1918782740831375,
    "log_attack_time": -2.186556577682495,
    "filesize": 25308,
    "single_event": true,
    "hardness": 42.82669538140743,
    "depth": 71.23252678815085,
    "brightness": 40.497626949482296,
    "roughness": 29.689828618416087,
    "warmth": 56.36809979698203,
    "sharpness": 25.640542823407742,
    "boominess": 53.24299487357675,
    "reverb": false
}