{
    "duration": 0.18574999272823334,
    "lossless": 1.0,
    "codec": "pcm_s16le",
    "bitrate": 256000.0,
    "samplerate": 16000.0,
    "channels": 1.0,
    "audio_md5": "9df324d694f357279c701085b203fd8d",
    "loudness": -25.543813705444336,
    "dynamic_range": 0.0,
    "temporal_centroid": 0.33753904700279236,
    "log_attack_time": -1.9980348348617554,
    "filesize": 5988,
    "single_event": true,
    "hardness": 50.46212873473351,
    "depth": 66.46372988042367,
    "brightness": 43.81099325226072,
    "roughness": 39.96732927652174,
    "warmth": 55.88683250251334,
    "sharpness": 33.266242353306716,
    "boominess": 46.7416792454239,
    "reverb": false
}