{
    "duration": 0.34831249713897705,
    "lossless": 1.0,
    "codec": "pcm_s16le",
    "bitrate": 256000.0,
    "samplerate": 16000.0,
    "channels": 1.0,
    "audio_md5": "cdcc212881c60fcf79208b0590a89073",
    "loudness": -20.671932220458984,
    "dynamic_range": 0.0,
    "temporal_centroid": 0.23154637217521667,
    "log_attack_time": -1.6740916967391968,
    "filesize": 11190,
    "single_event": true,
    "hardness": 65.53321435817446,
    "depth": 57.10078184013941,
    "brightness": 45.98653924754146,
    "roughness": 45.155561070508995,
    "warmth": 50.72879487538729,
    "sharpness": 45.19819849716141,
    "boominess": 31.16861732124298,
    "reverb": false
}