{
    "duration": 0.09293749928474426,
    "lossless": 1.0,
    "codec": "pcm_s16le",
    "bitrate": 256000.0,
    "samplerate": 16000.0,
    "channels": 1.0,
    "audio_md5": "6aaccb01d247d79a45815bd98f1f473e",
    "loudness": -29.796751022338867,
    "dynamic_range": 0.0,
    "temporal_centroid": 0.534430205821991,
    "log_attack_time": -1.7381035089492798,
    "filesize": 3018,
    "single_event": true,
    "hardness": 73.7531898324956,
    "depth": 49.85350823486819,
    "brightness": 77.97389755315582,
    "roughness": 64.03703303764232,
    "warmth": 28.179598781279896,
    "sharpness": 69.40262763519884,
    "boominess": 24.367952273040665,
    "reverb": false
}