{
    "duration": 0.18574999272823334,
    "lossless": 1.0,
    "codec": "pcm_s16le",
    "bitrate": 256000.0,
    "samplerate": 16000.0,
    "channels": 1.0,
    "audio_md5": "c228b77a2c385c9e6bd688bc4b6c1042",
    "loudness": -24.43990135192871,
    "dynamic_range": 0.0,
    "temporal_centroid": 0.2903416156768799,
    "log_attack_time": -2.176091194152832,
    "filesize": 5988,
    "single_event": true,
    "hardness": 73.95391721382455,
    "depth": 22.970938161619976,
    "brightness": 76.03907650139406,
    "roughness": 69.78612398154432,
    "warmth": 23.582107110962742,
    "sharpness": 63.37791769127551,
    "boominess": 11.958498482497887,
    "reverb": false
}