{
    "duration": 0.20900000631809235,
    "lossless": 1.0,
    "codec": "pcm_s16le",
    "bitrate": 256000.0,
    "samplerate": 16000.0,
    "channels": 1.0,
    "audio_md5": "09c8122ef36c6b8c9570420af0568ac0",
    "loudness": -18.761672973632812,
    "dynamic_range": 0.0,
    "temporal_centroid": 0.3645290434360504,
    "log_attack_time": -1.3493114709854126,
    "filesize": 6732,
    "single_event": true,
    "hardness": 70.56862701358577,
    "depth": 15.626938253197366,
    "brightness": 76.10626705165959,
    "roughness": 69.21346303846606,
    "warmth": 13.594080943864942,
    "sharpness": 70.79575255480827,
    "boominess": 0.0,
    "reverb": false
}