{
    "duration": 0.06968750059604645,
    "lossless": 1.0,
    "codec": "pcm_s16le",
    "bitrate": 256000.0,
    "samplerate": 16000.0,
    "channels": 1.0,
    "audio_md5": "d1b5abec5ec2c339d5eee34917f884f9",
    "loudness": -22.15298080444336,
    "dynamic_range": 0.0,
    "temporal_centroid": 0.5294509530067444,
    "log_attack_time": -2.1338934898376465,
    "filesize": 2274,
    "single_event": true,
    "hardness": 71.18372182929423,
    "depth": 9.401856745510528,
    "brightness": 83.1395396718968,
    "roughness": 70.66807701006786,
    "warmth": 25.965831628299355,
    "sharpness": 87.26082198463533,
    "boominess": 0.0,
    "reverb": false
}