{
    "duration": 0.2472500056028366,
    "lossless": 1.0,
    "codec": "pcm_s16le",
    "bitrate": 256000.0,
    "samplerate": 16000.0,
    "channels": 1.0,
    "audio_md5": "c46e0c553188b44cf1ae0a70b7826be8",
    "loudness": -16.91147232055664,
    "dynamic_range": 0.0,
    "temporal_centroid": 0.4084888696670532,
    "log_attack_time": -1.740805983543396,
    "filesize": 7956,
    "single_event": true,
    "hardness": 35.70802685631777,
    "depth": 61.07656878136614,
    "brightness": 35.69995089518954,
    "roughness": 39.963634286759984,
    "warmth": 62.85130238548757,
    "sharpness": 16.805968977024907,
    "boominess": 51.16093460360962,
    "reverb": false
}