{
    "duration": 0.06806249916553497,
    "lossless": 1.0,
    "codec": "pcm_s16le",
    "bitrate": 256000.0,
    "samplerate": 16000.0,
    "channels": 1.0,
    "audio_md5": "a6ce4706c6f4051bd3bceec24b17ad56",
    "loudness": -16.70009422302246,
    "dynamic_range": 0.0,
    "temporal_centroid": 0.5343495011329651,
    "log_attack_time": -2.007950782775879,
    "filesize": 2222,
    "single_event": true,
    "hardness": 74.11001208396715,
    "depth": 11.472450650321221,
    "brightness": 67.8686275795282,
    "roughness": 62.161195120489275,
    "warmth": 29.352826390613078,
    "sharpness": 63.57968850710232,
    "boominess": 4.673447691839453,
    "reverb": false
}