{
    "duration": 0.1625625044107437,
    "lossless": 1.0,
    "codec": "pcm_s16le",
    "bitrate": 256000.0,
    "samplerate": 16000.0,
    "channels": 1.0,
    "audio_md5": "0aa9148159644904d37a77fc5383cce1",
    "loudness": -21.491363525390625,
    "dynamic_range": 0.0,
    "temporal_centroid": 0.3055921494960785,
    "log_attack_time": -1.9394307136535645,
    "filesize": 5246,
    "single_event": true,
    "hardness": 72.96535223687835,
    "depth": 36.861643870431145,
    "brightness": 77.20757419306531,
    "roughness": 69.16919530294865,
    "warmth": 18.038001757794245,
    "sharpness": 67.37417857975245,
    "boominess": 3.0210915410026047,
    "reverb": false
}