{
    "duration": 0.39937499165534973,
    "lossless": 1.0,
    "codec": "pcm_s16le",
    "bitrate": 256000.0,
    "samplerate": 16000.0,
    "channels": 1.0,
    "audio_md5": "4cecc8154bfaac6d521f2fb423f6bb6e",
    "loudness": -19.803312301635742,
    "dynamic_range": 0.0,
    "temporal_centroid": 0.2704162001609802,
    "log_attack_time": -1.6887508630752563,
    "filesize": 12824,
    "single_event": true,
    "hardness": 55.71977911675597,
    "depth": 66.91205620490292,
    "brightness": 62.2384817187197,
    "roughness": 60.4074551638539,
    "warmth": 47.210800004586886,
    "sharpness": 59.07075676619856,
    "boominess": 40.318692292005565,
    "reverb": false
}