{
    "duration": 0.37156251072883606,
    "lossless": 1.0,
    "codec": "pcm_s16le",
    "bitrate": 256000.0,
    "samplerate": 16000.0,
    "channels": 1.0,
    "audio_md5": "068cb2f3c08fdf88c5cdfb09c5ddd1a5",
    "loudness": -18.300813674926758,
    "dynamic_range": 0.0,
    "temporal_centroid": 0.26714178919792175,
    "log_attack_time": -1.5729247331619263,
    "filesize": 11934,
    "single_event": true,
    "hardness": 72.84046376803522,
    "depth": 41.29247204553945,
    "brightness": 76.42661477169122,
    "roughness": 68.09164610345043,
    "warmth": 30.825636489266778,
    "sharpness": 64.22289598098175,
    "boominess": 27.66912003315176,
    "reverb": false
}