{
    "duration": 0.2786875069141388,
    "lossless": 1.0,
    "codec": "pcm_s16le",
    "bitrate": 256000.0,
    "samplerate": 16000.0,
    "channels": 1.0,
    "audio_md5": "a65a1d7fe82cc4ecb094dbeaed1ab93e",
    "loudness": -18.26850700378418,
    "dynamic_range": 0.0,
    "temporal_centroid": 0.2598487436771393,
    "log_attack_time": -1.7699568271636963,
    "filesize": 8962,
    "single_event": true,
    "hardness": 19.565604818367646,
    "depth": 70.09576819576014,
    "brightness": 35.56484180458178,
    "roughness": 27.89494653210125,
    "warmth": 53.305337399069224,
    "sharpness": 39.41665349584462,
    "boominess": 63.092757154091686,
    "reverb": false
}