{
    "duration": 0.09281250089406967,
    "lossless": 1.0,
    "codec": "pcm_s16le",
    "bitrate": 256000.0,
    "samplerate": 16000.0,
    "channels": 1.0,
    "audio_md5": "3a8764c3e189232532f28ac2d5bb7652",
    "loudness": -27.352006912231445,
    "dynamic_range": 0.0,
    "temporal_centroid": 0.5386190414428711,
    "log_attack_time": -1.8908555507659912,
    "filesize": 3014,
    "single_event": true,
    "hardness": 68.69670446105351,
    "depth": 2.6959152073585884,
    "brightness": 84.10151030586839,
    "roughness": 68.07635010881566,
    "warmth": 20.57751776650045,
    "sharpness": 87.31794978780869,
    "boominess": 0.0,
    "reverb": false
}