{
    "duration": 0.2553749978542328,
    "lossless": 1.0,
    "codec": "pcm_s16le",
    "bitrate": 256000.0,
    "samplerate": 16000.0,
    "channels": 1.0,
    "audio_md5": "067e2a5e6f4210caeb8532e64275225c",
    "loudness": -19.670055389404297,
    "dynamic_range": 0.0,
    "temporal_centroid": 0.2882731258869171,
    "log_attack_time": -1.4818742275238037,
    "filesize": 8216,
    "single_event": true,
    "hardness": 74.4639929644641,
    "depth": 43.58155452536006,
    "brightness": 79.5020876967476,
    "roughness": 71.98240002955248,
    "warmth": 26.020281348049366,
    "sharpness": 69.08312591376361,
    "boominess": 17.228544032500924,
    "reverb": false
}