{
    "duration": 0.3244999945163727,
    "lossless": 1.0,
    "codec": "pcm_s16le",
    "bitrate": 256000.0,
    "samplerate": 16000.0,
    "channels": 1.0,
    "audio_md5": "8307c6dc76f9ca743229652fd3fcb6c5",
    "loudness": -21.80548667907715,
    "dynamic_range": 0.0,
    "temporal_centroid": 0.21575701236724854,
    "log_attack_time": -1.8576871156692505,
    "filesize": 10428,
    "single_event": true,
    "hardness": 66.69322728180504,
    "depth": 37.462646074101386,
    "brightness": 67.82277828615611,
    "roughness": 54.537079098569514,
    "warmth": 31.325039704180792,
    "sharpness": 54.15337167861573,
    "boominess": 0.0,
    "reverb": false
}