{
    "duration": 0.4180000126361847,
    "lossless": 1.0,
    "codec": "pcm_s16le",
    "bitrate": 256000.0,
    "samplerate": 16000.0,
    "channels": 1.0,
    "audio_md5": "713bbf2e0c560f87b08a46645e3b7aa7",
    "loudness": -22.891956329345703,
    "dynamic_range": 0.0,
    "temporal_centroid": 0.1470293551683426,
    "log_attack_time": -2.0657994747161865,
    "filesize": 13420,
    "single_event": true,
    "hardness": 68.08160589672596,
    "depth": 45.01087480496561,
    "brightness": 63.566983504769226,
    "roughness": 50.66833513582487,
    "warmth": 42.148044478987096,
    "sharpness": 47.03359842573241,
    "boominess": 38.35972064425801,
    "reverb": false
}