{
    "duration": 0.6269999742507935,
    "lossless": 1.0,
    "codec": "pcm_s16le",
    "bitrate": 256000.0,
    "samplerate": 16000.0,
    "channels": 1.0,
    "audio_md5": "798a150cf451baf0ae58c46a4ed34294",
    "loudness": -25.73246192932129,
    "dynamic_range": 0.0,
    "temporal_centroid": 0.23504745960235596,
    "log_attack_time": -1.6042319536209106,
    "filesize": 20108,
    "single_event": true,
    "hardness": 69.55233618976894,
    "depth": 12.367953191000566,
    "brightness": 80.5724142933847,
    "roughness": 66.71603504234287,
    "warmth": 14.097312890246563,
    "sharpness": 77.12411002884537,
    "boominess": 0.0,
    "reverb": false
}