{
    "duration": 0.6501874923706055,
    "lossless": 1.0,
    "codec": "pcm_s16le",
    "bitrate": 256000.0,
    "samplerate": 16000.0,
    "channels": 1.0,
    "audio_md5": "383be441fd29d20d58c9c8ac579d6cb4",
    "loudness": -25.50242805480957,
    "dynamic_range": 0.0,
    "temporal_centroid": 0.22923117876052856,
    "log_attack_time": -1.6102113723754883,
    "filesize": 20850,
    "single_event": true,
    "hardness": 69.54737316855147,
    "depth": 12.158404282570032,
    "brightness": 80.62171584868926,
    "roughness": 66.19436414502272,
    "warmth": 14.08282019797246,
    "sharpness": 77.31483450997696,
    "boominess": 0.0,
    "reverb": false
}