{
    "duration": 0.8823750019073486,
    "lossless": 1.0,
    "codec": "pcm_s16le",
    "bitrate": 256000.0,
    "samplerate": 16000.0,
    "channels": 1.0,
    "audio_md5": "e1d9582322e48a21206e77ab108bf0a3",
    "loudness": -21.53795623779297,
    "dynamic_range": 0.0,
    "temporal_centroid": 0.11566917598247528,
    "log_attack_time": -1.7999614477157593,
    "filesize": 28280,
    "single_event": true,
    "hardness": 64.2520413742258,
    "depth": 47.48931006403292,
    "brightness": 58.719290647335654,
    "roughness": 53.51357368253186,
    "warmth": 39.644560302258554,
    "sharpness": 48.401764448344856,
    "boominess": 31.122284786129676,
    "reverb": false
}