{
    "duration": 0.09293749928474426,
    "lossless": 1.0,
    "codec": "pcm_s16le",
    "bitrate": 256000.0,
    "samplerate": 16000.0,
    "channels": 1.0,
    "audio_md5": "8c9c44bec98032dbdacb25b06adef54f",
    "loudness": -45.17447280883789,
    "dynamic_range": 0.0,
    "temporal_centroid": 0.5211082696914673,
    "log_attack_time": -2.164431571960449,
    "filesize": 3018,
    "single_event": true,
    "hardness": 67.7666017281557,
    "depth": 8.354534431712842,
    "brightness": 83.61063291389517,
    "roughness": 66.28797314720487,
    "warmth": 20.330108436650182,
    "sharpness": 88.72380002478225,
    "boominess": 0.0,
    "reverb": false
}