{
    "duration": 0.44093748927116394,
    "lossless": 1.0,
    "codec": "pcm_s16le",
    "bitrate": 256000.0,
    "samplerate": 16000.0,
    "channels": 1.0,
    "audio_md5": "9af2ff6357cbbac8f284bee643108464",
    "loudness": -18.974105834960938,
    "dynamic_range": 0.0,
    "temporal_centroid": 0.2167469561100006,
    "log_attack_time": -1.6644352674484253,
    "filesize": 14154,
    "single_event": true,
    "hardness": 44.127085913048546,
    "depth": 22.997007983130864,
    "brightness": 51.38698357457618,
    "roughness": 0,
    "warmth": 43.66816961944542,
    "sharpness": 40.51904009982013,
    "boominess": 14.699748572987808,
    "reverb": false
}