{
    "duration": 0.09293749928474426,
    "lossless": 1.0,
    "codec": "pcm_s16le",
    "bitrate": 256000.0,
    "samplerate": 16000.0,
    "channels": 1.0,
    "audio_md5": "7f39cd1c8d1f42faf018929176749c7b",
    "loudness": -21.890647888183594,
    "dynamic_range": 0.0,
    "temporal_centroid": 0.5164365172386169,
    "log_attack_time": -2.1155219078063965,
    "filesize": 3018,
    "single_event": true,
    "hardness": 70.54316186364366,
    "depth": 6.427137668379956,
    "brightness": 75.48996350503461,
    "roughness": 63.1098931514005,
    "warmth": 22.719230150548817,
    "sharpness": 63.42091942803896,
    "boominess": 0.0,
    "reverb": false
}