{
    "duration": 0.37156251072883606,
    "lossless": 1.0,
    "codec": "pcm_s16le",
    "bitrate": 256000.0,
    "samplerate": 16000.0,
    "channels": 1.0,
    "audio_md5": "01964e6f2a2741caf00aa15b7a2f671c",
    "loudness": -21.93301010131836,
    "dynamic_range": 0.0,
    "temporal_centroid": 0.18948446214199066,
    "log_attack_time": -1.8255531787872314,
    "filesize": 11934,
    "single_event": true,
    "hardness": 56.31160703160907,
    "depth": 65.11485883710469,
    "brightness": 50.293325181491106,
    "roughness": 47.180246656630956,
    "warmth": 52.00273345735918,
    "sharpness": 37.99897791782027,
    "boominess": 39.6951887909929,
    "reverb": false
}