{
    "duration": 0.18674999475479126,
    "lossless": 1.0,
    "codec": "pcm_s16le",
    "bitrate": 256000.0,
    "samplerate": 16000.0,
    "channels": 1.0,
    "audio_md5": "9a1d2dcd95c8b7a46575f38cdc0ebd24",
    "loudness": -13.502885818481445,
    "dynamic_range": 0.0,
    "temporal_centroid": 0.43799012899398804,
    "log_attack_time": -1.5663443803787231,
    "filesize": 6020,
    "single_event": true,
    "hardness": 70.49731832366712,
    "depth": 30.25448197895677,
    "brightness": 72.7698364093416,
    "roughness": 69.93029295307188,
    "warmth": 28.241513638245827,
    "sharpness": 58.225959133100226,
    "boominess": 18.816039634833665,
    "reverb": false
}