{
    "duration": 0.37156251072883606,
    "lossless": 1.0,
    "codec": "pcm_s16le",
    "bitrate": 256000.0,
    "samplerate": 16000.0,
    "channels": 1.0,
    "audio_md5": "a2d1c9838b058e8bffcda8776b155a4a",
    "loudness": -11.783065795898438,
    "dynamic_range": 0.0,
    "temporal_centroid": 0.18691441416740417,
    "log_attack_time": -1.4414057731628418,
    "filesize": 11934,
    "single_event": true,
    "hardness": 71.01386317283212,
    "depth": 34.78310713777587,
    "brightness": 71.90021272955599,
    "roughness": 66.8122867331223,
    "warmth": 26.011530879516418,
    "sharpness": 60.553919461580854,
    "boominess": 11.52449360268575,
    "reverb": false
}