{
    "duration": 0.34831249713897705,
    "lossless": 1.0,
    "codec": "pcm_s16le",
    "bitrate": 256000.0,
    "samplerate": 16000.0,
    "channels": 1.0,
    "audio_md5": "20140bb5c6dfd807590d4102162391e0",
    "loudness": -20.440439224243164,
    "dynamic_range": 0.0,
    "temporal_centroid": 0.19265013933181763,
    "log_attack_time": -2.1003706455230713,
    "filesize": 11190,
    "single_event": true,
    "hardness": 59.00293565300399,
    "depth": 71.8742543732482,
    "brightness": 39.252138637582945,
    "roughness": 38.245473915790875,
    "warmth": 53.71877803692341,
    "sharpness": 39.981821588955306,
    "boominess": 50.279109487118234,
    "reverb": false
}