{
    "duration": 0.4180000126361847,
    "lossless": 1.0,
    "codec": "pcm_s16le",
    "bitrate": 256000.0,
    "samplerate": 16000.0,
    "channels": 1.0,
    "audio_md5": "7a47036d1dcf59ff21fbbdcdbe8c274f",
    "loudness": -24.556079864501953,
    "dynamic_range": 0.0,
    "temporal_centroid": 0.17955614626407623,
    "log_attack_time": -2.224482774734497,
    "filesize": 13420,
    "single_event": true,
    "hardness": 69.28029168829516,
    "depth": 58.61854732640478,
    "brightness": 59.09940991465506,
    "roughness": 54.71160377449624,
    "warmth": 48.01434706723754,
    "sharpness": 47.93793829168181,
    "boominess": 35.627358445609865,
    "reverb": false
}