{
    "duration": 0.3947499990463257,
    "lossless": 1.0,
    "codec": "pcm_s16le",
    "bitrate": 256000.0,
    "samplerate": 16000.0,
    "channels": 1.0,
    "audio_md5": "a66822cd5086558f8e46813a5a8c9d7b",
    "loudness": -18.791305541992188,
    "dynamic_range": 0.0,
    "temporal_centroid": 0.2898320257663727,
    "log_attack_time": -1.682069182395935,
    "filesize": 12676,
    "single_event": true,
    "hardness": 46.02726250761444,
    "depth": 70.05702747757972,
    "brightness": 35.52276370716808,
    "roughness": 34.93053361249923,
    "warmth": 59.75192637689891,
    "sharpness": 31.44922323526272,
    "boominess": 47.1934684026897,
    "reverb": false
}