{
    "duration": 0.48762500286102295,
    "lossless": 1.0,
    "codec": "pcm_s16le",
    "bitrate": 256000.0,
    "samplerate": 16000.0,
    "channels": 1.0,
    "audio_md5": "0fba3f480e0dc358d7cf3efcc31bae39",
    "loudness": -14.35096549987793,
    "dynamic_range": 0.0,
    "temporal_centroid": 0.4014561176300049,
    "log_attack_time": -1.3775017261505127,
    "filesize": 15648,
    "single_event": true,
    "hardness": 49.93749603277735,
    "depth": 68.8673428979379,
    "brightness": 43.33139720170768,
    "roughness": 48.56908336647088,
    "warmth": 62.10407348182648,
    "sharpness": 34.34050704396085,
    "boominess": 43.255559490963286,
    "reverb": false
}