{
    "duration": 0.37156251072883606,
    "lossless": 1.0,
    "codec": "pcm_s16le",
    "bitrate": 256000.0,
    "samplerate": 16000.0,
    "channels": 1.0,
    "audio_md5": "4bd4e917b0efda2c0b5a4665f63563bb",
    "loudness": -17.228626251220703,
    "dynamic_range": 0.0,
    "temporal_centroid": 0.16596144437789917,
    "log_attack_time": -1.952473521232605,
    "filesize": 11934,
    "single_event": true,
    "hardness": 68.51347082162656,
    "depth": 49.555350999901876,
    "brightness": 62.703184574834125,
    "roughness": 56.19264267970151,
    "warmth": 38.94082025069583,
    "sharpness": 52.77503689405114,
    "boominess": 37.166204200842,
    "reverb": false
}