{
    "duration": 0.6037499904632568,
    "lossless": 1.0,
    "codec": "pcm_s16le",
    "bitrate": 256000.0,
    "samplerate": 16000.0,
    "channels": 1.0,
    "audio_md5": "0b7e4f2a1a82e9a6e589545f7e414034",
    "loudness": -20.782617568969727,
    "dynamic_range": 0.0,
    "temporal_centroid": 0.1564425677061081,
    "log_attack_time": -1.9533571004867554,
    "filesize": 19364,
    "single_event": true,
    "hardness": 58.34296778741938,
    "depth": 68.73972952025915,
    "brightness": 44.458282131745236,
    "roughness": 40.02512472606603,
    "warmth": 53.12471424669225,
    "sharpness": 45.83683366883708,
    "boominess": 48.504646000701094,
    "reverb": false
}