{
    "duration": 0.3452500104904175,
    "lossless": 1.0,
    "codec": "pcm_s16le",
    "bitrate": 256000.0,
    "samplerate": 16000.0,
    "channels": 1.0,
    "audio_md5": "f05bfe4ceda2311016e557bd9dec34b1",
    "loudness": -18.904251098632812,
    "dynamic_range": 0.0,
    "temporal_centroid": 0.2438511699438095,
    "log_attack_time": -1.8605350255966187,
    "filesize": 11092,
    "single_event": true,
    "hardness": 58.313601021528,
    "depth": 71.8515901422141,
    "brightness": 50.9984477263322,
    "roughness": 42.5416364183354,
    "warmth": 54.24336427068516,
    "sharpness": 48.93698952159605,
    "boominess": 44.11153093424964,
    "reverb": false
}