{
    "duration": 0.37156251072883606,
    "lossless": 1.0,
    "codec": "pcm_s16le",
    "bitrate": 256000.0,
    "samplerate": 16000.0,
    "channels": 1.0,
    "audio_md5": "b22851a3b6def586a82eeb0b0e3b3321",
    "loudness": -20.777233123779297,
    "dynamic_range": 0.0,
    "temporal_centroid": 0.14713327586650848,
    "log_attack_time": -2.0533740520477295,
    "filesize": 11934,
    "single_event": true,
    "hardness": 53.984053850476954,
    "depth": 71.02644924504007,
    "brightness": 40.21024610666127,
    "roughness": 28.628317207108214,
    "warmth": 53.620212561328316,
    "sharpness": 37.83776875466674,
    "boominess": 53.85381803430859,
    "reverb": false
}