{
    "duration": 0.3251250088214874,
    "lossless": 1.0,
    "codec": "pcm_s16le",
    "bitrate": 256000.0,
    "samplerate": 16000.0,
    "channels": 1.0,
    "audio_md5": "104b8e42105e6a8d520876e297ab4282",
    "loudness": -22.403167724609375,
    "dynamic_range": 0.0,
    "temporal_centroid": 0.1969139575958252,
    "log_attack_time": -1.9732657670974731,
    "filesize": 10448,
    "single_event": true,
    "hardness": 70.90015216839168,
    "depth": 53.34888834148946,
    "brightness": 60.86995890879891,
    "roughness": 55.920382870290354,
    "warmth": 44.94740230834537,
    "sharpness": 49.41038809074229,
    "boominess": 32.70377880788796,
    "reverb": false
}