{
    "duration": 0.7198749780654907,
    "lossless": 1.0,
    "codec": "pcm_s16le",
    "bitrate": 256000.0,
    "samplerate": 16000.0,
    "channels": 1.0,
    "audio_md5": "aad59a9988c240daf4d8b496816c27e2",
    "loudness": -25.464570999145508,
    "dynamic_range": 0.0,
    "temporal_centroid": 0.12281790375709534,
    "log_attack_time": -1.996078610420227,
    "filesize": 23080,
    "single_event": true,
    "hardness": 66.18093737554221,
    "depth": 52.74568807808537,
    "brightness": 57.901127227421725,
    "roughness": 47.02331904514511,
    "warmth": 46.576709774792334,
    "sharpness": 47.51874700531468,
    "boominess": 37.38800804038455,
    "reverb": false
}