{
    "duration": 0.2691875100135803,
    "lossless": 1.0,
    "codec": "pcm_s16le",
    "bitrate": 256000.0,
    "samplerate": 16000.0,
    "channels": 1.0,
    "audio_md5": "99f402e770c4d8675818169ee8cde7ad",
    "loudness": -16.7708683013916,
    "dynamic_range": 0.0,
    "temporal_centroid": 0.37376096844673157,
    "log_attack_time": -1.6801789999008179,
    "filesize": 8658,
    "single_event": true,
    "hardness": 38.7259540898648,
    "depth": 69.91858342262002,
    "brightness": 25.334446488954924,
    "roughness": 31.861517173396614,
    "warmth": 60.914820075323476,
    "sharpness": 40.0208780416539,
    "boominess": 51.45433739429512,
    "reverb": false
}