{
    "duration": 0.3018749952316284,
    "lossless": 1.0,
    "codec": "pcm_s16le",
    "bitrate": 256000.0,
    "samplerate": 16000.0,
    "channels": 1.0,
    "audio_md5": "907d433d0a61a72585d8379a49c0e534",
    "loudness": -18.024293899536133,
    "dynamic_range": 0.0,
    "temporal_centroid": 0.2612903416156769,
    "log_attack_time": -1.7191264629364014,
    "filesize": 9704,
    "single_event": true,
    "hardness": 48.94721991574639,
    "depth": 71.83295280102305,
    "brightness": 32.01643169933949,
    "roughness": 35.073660522136095,
    "warmth": 55.03094307587894,
    "sharpness": 41.48935101470368,
    "boominess": 50.78958051896733,
    "reverb": false
}