{
    "duration": 0.15037499368190765,
    "lossless": 1.0,
    "codec": "pcm_s16le",
    "bitrate": 256000.0,
    "samplerate": 16000.0,
    "channels": 1.0,
    "audio_md5": "286ffaaf98db505d38db7aa3e5b2e7f5",
    "loudness": -24.22121238708496,
    "dynamic_range": 0.0,
    "temporal_centroid": 0.37628722190856934,
    "log_attack_time": -2.2179272174835205,
    "filesize": 4856,
    "single_event": true,
    "hardness": 52.388127637985235,
    "depth": 60.57240159261252,
    "brightness": 48.81844267462937,
    "roughness": 51.50753361002051,
    "warmth": 58.82080338811612,
    "sharpness": 35.05067510964937,
    "boominess": 37.11694148721344,
    "reverb": false
}