{
    "duration": 0.6966249942779541,
    "lossless": 1.0,
    "codec": "pcm_s16le",
    "bitrate": 256000.0,
    "samplerate": 16000.0,
    "channels": 1.0,
    "audio_md5": "330405a8bb188f3d834e6d6bbb4dc5c6",
    "loudness": -21.989850997924805,
    "dynamic_range": 0.0,
    "temporal_centroid": 0.12840330600738525,
    "log_attack_time": -1.7823072671890259,
    "filesize": 22336,
    "single_event": true,
    "hardness": 59.116528987522116,
    "depth": 36.07228105856032,
    "brightness": 55.23128603109326,
    "roughness": 45.686953434765265,
    "warmth": 37.989569074448895,
    "sharpness": 45.48665734287368,
    "boominess": 18.70955953863724,
    "reverb": false
}