{
    "duration": 0.43793749809265137,
    "lossless": 1.0,
    "codec": "pcm_s16le",
    "bitrate": 256000.0,
    "samplerate": 16000.0,
    "channels": 1.0,
    "audio_md5": "95eb69074bee5c08f8bcacd9a1bb0fa8",
    "loudness": -22.949970245361328,
    "dynamic_range": 0.0,
    "temporal_centroid": 0.288625031709671,
    "log_attack_time": -1.388442873954773,
    "filesize": 14058,
    "single_event": true,
    "hardness": 66.05012373644217,
    "depth": 24.565294259821663,
    "brightness": 78.79539889501675,
    "roughness": 72.35676036336653,
    "warmth": 27.75047926538729,
    "sharpness": 69.3205422786597,
    "boominess": 2.109936222456504,
    "reverb": false
}