{
    "duration": 0.2777499854564667,
    "lossless": 1.0,
    "codec": "pcm_s16le",
    "bitrate": 256000.0,
    "samplerate": 16000.0,
    "channels": 1.0,
    "audio_md5": "cc03dd8b93dba4718f3422ede9766333",
    "loudness": -14.75357437133789,
    "dynamic_range": 0.0,
    "temporal_centroid": 0.24509476125240326,
    "log_attack_time": -1.738642692565918,
    "filesize": 8932,
    "single_event": true,
    "hardness": 67.74916717713472,
    "depth": 36.51049177502074,
    "brightness": 71.8406553786019,
    "roughness": 65.00857347289126,
    "warmth": 34.907428891201135,
    "sharpness": 57.636681718723935,
    "boominess": 26.9247064490084,
    "reverb": false
}