{
    "duration": 0.4411875009536743,
    "lossless": 1.0,
    "codec": "pcm_s16le",
    "bitrate": 256000.0,
    "samplerate": 16000.0,
    "channels": 1.0,
    "audio_md5": "37440cfa344eea3df088e1fdfde0bc6a",
    "loudness": -23.141874313354492,
    "dynamic_range": 0.0,
    "temporal_centroid": 0.22648939490318298,
    "log_attack_time": -1.5166860818862915,
    "filesize": 14162,
    "single_event": true,
    "hardness": 64.7130461259807,
    "depth": 14.19768653366296,
    "brightness": 83.03328503354804,
    "roughness": 68.9638522145369,
    "warmth": 15.4885882458357,
    "sharpness": 83.56716314667125,
    "boominess": 0.0,
    "reverb": false
}