{
    "duration": 0.2554374933242798,
    "lossless": 1.0,
    "codec": "pcm_s16le",
    "bitrate": 256000.0,
    "samplerate": 16000.0,
    "channels": 1.0,
    "audio_md5": "4b2f39875f50ecb74ea536e8545e8e1b",
    "loudness": -18.922895431518555,
    "dynamic_range": 0.0,
    "temporal_centroid": 0.2652234137058258,
    "log_attack_time": -1.7381035089492798,
    "filesize": 8218,
    "single_event": true,
    "hardness": 70.0910553470435,
    "depth": 44.68008675472065,
    "brightness": 61.565968751607045,
    "roughness": 59.5607393333952,
    "warmth": 45.904084735004616,
    "sharpness": 51.71943491557151,
    "boominess": 29.699869266105107,
    "reverb": false
}