{
    "duration": 0.2018750011920929,
    "lossless": 1.0,
    "codec": "pcm_s16le",
    "bitrate": 256000.0,
    "samplerate": 16000.0,
    "channels": 1.0,
    "audio_md5": "72a85dfdaee74444e1572d5b587c6936",
    "loudness": -19.657665252685547,
    "dynamic_range": 0.0,
    "temporal_centroid": 0.32250338792800903,
    "log_attack_time": -1.3067796230316162,
    "filesize": 6504,
    "single_event": true,
    "hardness": 47.37343368026518,
    "depth": 69.12636272700045,
    "brightness": 40.6411725445853,
    "roughness": 46.37063322347959,
    "warmth": 61.85858516958761,
    "sharpness": 27.672447560666154,
    "boominess": 48.17404387795706,
    "reverb": false
}