{
    "duration": 0.05168750137090683,
    "lossless": 1.0,
    "codec": "pcm_s16le",
    "bitrate": 256000.0,
    "samplerate": 16000.0,
    "channels": 1.0,
    "audio_md5": "b9a2157709feffa3278c8eb2fcc34ec3",
    "loudness": -19.227460861206055,
    "dynamic_range": 0.0,
    "temporal_centroid": 0.6726959347724915,
    "log_attack_time": -1.752344012260437,
    "filesize": 1698,
    "single_event": true,
    "hardness": 64.3599955901382,
    "depth": 12.859169863691228,
    "brightness": 82.45549560643643,
    "roughness": 70.30056354537193,
    "warmth": 18.375389695978114,
    "sharpness": 80.01017914837064,
    "boominess": 0.0,
    "reverb": false
}