{
    "duration": 0.1625625044107437,
    "lossless": 1.0,
    "codec": "pcm_s16le",
    "bitrate": 256000.0,
    "samplerate": 16000.0,
    "channels": 1.0,
    "audio_md5": "d4897f79c7d640321b2912d5f520e802",
    "loudness": -32.937381744384766,
    "dynamic_range": 0.0,
    "temporal_centroid": 0.34496238827705383,
    "log_attack_time": -1.5348600149154663,
    "filesize": 5246,
    "single_event": true,
    "hardness": 70.2887025730879,
    "depth": 22.08058988007309,
    "brightness": 82.32929094126752,
    "roughness": 71.41525754297682,
    "warmth": 14.553877017477195,
    "sharpness": 79.12907193999979,
    "boominess": 0.0,
    "reverb": false
}