{
    "duration": 0.23225000500679016,
    "lossless": 1.0,
    "codec": "pcm_s16le",
    "bitrate": 256000.0,
    "samplerate": 16000.0,
    "channels": 1.0,
    "audio_md5": "af5875652e4c76c43de0963884769bb1",
    "loudness": -31.455549240112305,
    "dynamic_range": 0.0,
    "temporal_centroid": 0.34318238496780396,
    "log_attack_time": -1.3691272735595703,
    "filesize": 7476,
    "single_event": true,
    "hardness": 72.15135552924826,
    "depth": 20.459094594682917,
    "brightness": 81.59965540424673,
    "roughness": 71.6608559582644,
    "warmth": 12.3927802770162,
    "sharpness": 78.17811476144786,
    "boominess": 0.0,
    "reverb": false
}