{
    "duration": 0.23225000500679016,
    "lossless": 1.0,
    "codec": "pcm_s16le",
    "bitrate": 256000.0,
    "samplerate": 16000.0,
    "channels": 1.0,
    "audio_md5": "08e4533a129fed0385ec075a90d46ffb",
    "loudness": -30.804668426513672,
    "dynamic_range": 0.0,
    "temporal_centroid": 0.36043408513069153,
    "log_attack_time": -1.2967183589935303,
    "filesize": 7476,
    "single_event": true,
    "hardness": 70.9973838237924,
    "depth": 21.02724524007475,
    "brightness": 81.94310662257249,
    "roughness": 72.79902348557388,
    "warmth": 13.416905690529433,
    "sharpness": 78.42611645675228,
    "boominess": 0.0,
    "reverb": false
}