{
    "duration": 0.3608124852180481,
    "lossless": 1.0,
    "codec": "pcm_s16le",
    "bitrate": 256000.0,
    "samplerate": 16000.0,
    "channels": 1.0,
    "audio_md5": "06932673c1107834181c87cee5e6e9d9",
    "loudness": -18.262418746948242,
    "dynamic_range": 0.0,
    "temporal_centroid": 0.2219984084367752,
    "log_attack_time": -1.5577229261398315,
    "filesize": 11590,
    "single_event": true,
    "hardness": 28.194793495914013,
    "depth": 64.74495684470436,
    "brightness": 19.705977877341645,
    "roughness": 39.54230918707722,
    "warmth": 63.826719256685784,
    "sharpness": 0.0,
    "boominess": 54.791600657345484,
    "reverb": false
}