{
    "duration": 0.18581250309944153,
    "lossless": 1.0,
    "codec": "pcm_s16le",
    "bitrate": 256000.0,
    "samplerate": 16000.0,
    "channels": 1.0,
    "audio_md5": "890e68936e0dc4ee0ccf95f256e001b7",
    "loudness": -21.360654830932617,
    "dynamic_range": 0.0,
    "temporal_centroid": 0.3322156071662903,
    "log_attack_time": -1.93094801902771,
    "filesize": 5990,
    "single_event": true,
    "hardness": 72.90439067812656,
    "depth": 38.97476830052948,
    "brightness": 68.5489552121928,
    "roughness": 63.856121278550276,
    "warmth": 39.56918877896878,
    "sharpness": 53.41295154977244,
    "boominess": 28.91878996886822,
    "reverb": false
}