{
    "duration": 0.2786875069141388,
    "lossless": 1.0,
    "codec": "pcm_s16le",
    "bitrate": 256000.0,
    "samplerate": 16000.0,
    "channels": 1.0,
    "audio_md5": "8286069872cd26380bf2322aa655f69d",
    "loudness": -21.868261337280273,
    "dynamic_range": 0.0,
    "temporal_centroid": 0.3156496286392212,
    "log_attack_time": -1.3850836753845215,
    "filesize": 8962,
    "single_event": true,
    "hardness": 72.20432879509141,
    "depth": 22.380076864976346,
    "brightness": 81.91150047940079,
    "roughness": 70.20933120315611,
    "warmth": 14.449701961093421,
    "sharpness": 78.91977906881094,
    "boominess": 0.0,
    "reverb": false
}