{
    "duration": 0.48762500286102295,
    "lossless": 1.0,
    "codec": "pcm_s16le",
    "bitrate": 256000.0,
    "samplerate": 16000.0,
    "channels": 1.0,
    "audio_md5": "1b81edd4b6ec5ac2a666d7e83b3b3c94",
    "loudness": -17.843368530273438,
    "dynamic_range": 0.0,
    "temporal_centroid": 0.3002154231071472,
    "log_attack_time": -1.3930437564849854,
    "filesize": 15648,
    "single_event": true,
    "hardness": 71.4068801029288,
    "depth": 12.585986901962904,
    "brightness": 80.93868673233334,
    "roughness": 70.1577204255563,
    "warmth": 14.535705164793818,
    "sharpness": 77.14669940284278,
    "boominess": 0.0,
    "reverb": false
}