{
    "duration": 0.5108749866485596,
    "lossless": 1.0,
    "codec": "pcm_s16le",
    "bitrate": 256000.0,
    "samplerate": 16000.0,
    "channels": 1.0,
    "audio_md5": "1e5e6f9625c1a3c26125ba9f56704923",
    "loudness": -17.356754302978516,
    "dynamic_range": 0.0,
    "temporal_centroid": 0.32313504815101624,
    "log_attack_time": -1.3158551454544067,
    "filesize": 16392,
    "single_event": true,
    "hardness": 67.93234835686073,
    "depth": 22.52109557374378,
    "brightness": 81.5426892534526,
    "roughness": 71.96325591421271,
    "warmth": 15.91522530608551,
    "sharpness": 77.97312536758372,
    "boominess": 0.0,
    "reverb": false
}