{
    "duration": 0.36406248807907104,
    "lossless": 1.0,
    "codec": "pcm_s16le",
    "bitrate": 256000.0,
    "samplerate": 16000.0,
    "channels": 1.0,
    "audio_md5": "8f0fea3f05e8a8ed4f34bafb7c3c6f4b",
    "loudness": -21.8945255279541,
    "dynamic_range": 0.0,
    "temporal_centroid": 0.22492676973342896,
    "log_attack_time": -1.3822249174118042,
    "filesize": 11694,
    "single_event": true,
    "hardness": 72.20313944554673,
    "depth": 20.957319669755016,
    "brightness": 73.2362978040986,
    "roughness": 66.62066694991688,
    "warmth": 25.752472497143756,
    "sharpness": 64.24795278387732,
    "boominess": 5.653889714926475,
    "reverb": false
}