{
    "duration": 0.23225000500679016,
    "lossless": 1.0,
    "codec": "pcm_s16le",
    "bitrate": 256000.0,
    "samplerate": 16000.0,
    "channels": 1.0,
    "audio_md5": "4a710e6c88b92de0238be9cf2d3005ea",
    "loudness": -15.457221984863281,
    "dynamic_range": 0.0,
    "temporal_centroid": 0.4207935929298401,
    "log_attack_time": -1.3312042951583862,
    "filesize": 7476,
    "single_event": true,
    "hardness": 47.0198488540147,
    "depth": 67.75119340212659,
    "brightness": 36.785634619852274,
    "roughness": 41.95198136037605,
    "warmth": 60.09448510112911,
    "sharpness": 40.90418218587861,
    "boominess": 42.951456819535096,
    "reverb": false
}