{
    "duration": 0.20900000631809235,
    "lossless": 1.0,
    "codec": "pcm_s16le",
    "bitrate": 256000.0,
    "samplerate": 16000.0,
    "channels": 1.0,
    "audio_md5": "6c74eba001b24c94f90e3eec16d4695c",
    "loudness": -19.7596378326416,
    "dynamic_range": 0.0,
    "temporal_centroid": 0.3221067488193512,
    "log_attack_time": -1.633291244506836,
    "filesize": 6732,
    "single_event": true,
    "hardness": 72.14304165149179,
    "depth": 28.51666335072307,
    "brightness": 68.55779432403915,
    "roughness": 69.00062859899396,
    "warmth": 29.192360394704654,
    "sharpness": 58.059274797921006,
    "boominess": 8.636587430573126,
    "reverb": false
}