{
    "duration": 0.5340625047683716,
    "lossless": 1.0,
    "codec": "pcm_s16le",
    "bitrate": 256000.0,
    "samplerate": 16000.0,
    "channels": 1.0,
    "audio_md5": "3e6ea119a564dad761cb300635f56433",
    "loudness": -18.963394165039062,
    "dynamic_range": 0.0,
    "temporal_centroid": 0.14338767528533936,
    "log_attack_time": -1.7811157703399658,
    "filesize": 17134,
    "single_event": true,
    "hardness": 69.21104543534238,
    "depth": 45.712639645241495,
    "brightness": 62.192292701536005,
    "roughness": 53.81631376463284,
    "warmth": 40.881038574694095,
    "sharpness": 50.22366808531098,
    "boominess": 34.77285409493632,
    "reverb": false
}