{
    "duration": 0.18581250309944153,
    "lossless": 1.0,
    "codec": "pcm_s16le",
    "bitrate": 256000.0,
    "samplerate": 16000.0,
    "channels": 1.0,
    "audio_md5": "9e5a34d3c31ed3f51a11feb9cdb7363f",
    "loudness": -41.670623779296875,
    "dynamic_range": 0.0,
    "temporal_centroid": 0.4736829102039337,
    "log_attack_time": -1.6703877449035645,
    "filesize": 5990,
    "single_event": true,
    "hardness": 76.72809713804423,
    "depth": 14.764930220757797,
    "brightness": 83.42762190273426,
    "roughness": 72.68808458367278,
    "warmth": 14.793027366776748,
    "sharpness": 82.37374182915946,
    "boominess": 7.7151903936833826,
    "reverb": false
}