{
    "duration": 0.06968750059604645,
    "lossless": 1.0,
    "codec": "pcm_s16le",
    "bitrate": 256000.0,
    "samplerate": 16000.0,
    "channels": 1.0,
    "audio_md5": "95a554fe0fb1bf79627980d9d0e8eb46",
    "loudness": -27.522130966186523,
    "dynamic_range": 0.0,
    "temporal_centroid": 0.5267667770385742,
    "log_attack_time": -2.114238977432251,
    "filesize": 2274,
    "single_event": true,
    "hardness": 74.25760808555714,
    "depth": 8.374461018392381,
    "brightness": 83.07218846448045,
    "roughness": 70.41303362293195,
    "warmth": 20.291046415618556,
    "sharpness": 82.74704440382847,
    "boominess": 2.347987889431842,
    "reverb": false
}