{
    "duration": 0.20900000631809235,
    "lossless": 1.0,
    "codec": "pcm_s16le",
    "bitrate": 256000.0,
    "samplerate": 16000.0,
    "channels": 1.0,
    "audio_md5": "6fb7a2bb83336e673d0aab7f0fcd1513",
    "loudness": -22.020490646362305,
    "dynamic_range": 0.0,
    "temporal_centroid": 0.35525235533714294,
    "log_attack_time": -1.3976938724517822,
    "filesize": 6732,
    "single_event": true,
    "hardness": 57.64391002622088,
    "depth": 72.03879662954262,
    "brightness": 48.529184226097726,
    "roughness": 46.7572968677837,
    "warmth": 56.91440440061686,
    "sharpness": 34.77063638638937,
    "boominess": 41.40644647447665,
    "reverb": false
}