{
    "duration": 0.4644375145435333,
    "lossless": 1.0,
    "codec": "pcm_s16le",
    "bitrate": 256000.0,
    "samplerate": 16000.0,
    "channels": 1.0,
    "audio_md5": "277faaa5566cf460e06bf12446b5ead4",
    "loudness": -20.834592819213867,
    "dynamic_range": 0.0,
    "temporal_centroid": 0.12885764241218567,
    "log_attack_time": -2.0049521923065186,
    "filesize": 14906,
    "single_event": true,
    "hardness": 53.11043642431096,
    "depth": 70.13263641420039,
    "brightness": 36.4733042813395,
    "roughness": 21.09291626527818,
    "warmth": 52.70153394672069,
    "sharpness": 40.84668083538317,
    "boominess": 54.79153776581485,
    "reverb": false
}