{
    "duration": 0.34831249713897705,
    "lossless": 1.0,
    "codec": "pcm_s16le",
    "bitrate": 256000.0,
    "samplerate": 16000.0,
    "channels": 1.0,
    "audio_md5": "516ea57d6714dfd317f037f786fe0672",
    "loudness": -22.7883243560791,
    "dynamic_range": 0.0,
    "temporal_centroid": 0.17101454734802246,
    "log_attack_time": -1.9385749101638794,
    "filesize": 11190,
    "single_event": true,
    "hardness": 70.20319688343739,
    "depth": 43.17968957987331,
    "brightness": 64.35000802427314,
    "roughness": 58.405789940690816,
    "warmth": 38.525787667984716,
    "sharpness": 51.742119223206984,
    "boominess": 29.872537010947983,
    "reverb": false
}