{
    "duration": 0.2786875069141388,
    "lossless": 1.0,
    "codec": "pcm_s16le",
    "bitrate": 256000.0,
    "samplerate": 16000.0,
    "channels": 1.0,
    "audio_md5": "c04d7e7a742904b4f1488d9c8f35b533",
    "loudness": -22.09200096130371,
    "dynamic_range": 0.0,
    "temporal_centroid": 0.24106602370738983,
    "log_attack_time": -2.0991315841674805,
    "filesize": 8962,
    "single_event": true,
    "hardness": 61.89073291624027,
    "depth": 67.06840277288183,
    "brightness": 46.08552674674939,
    "roughness": 43.83947262126969,
    "warmth": 52.3383512929965,
    "sharpness": 44.42322237327575,
    "boominess": 42.287903102405934,
    "reverb": false
}