{
    "duration": 0.1625625044107437,
    "lossless": 1.0,
    "codec": "pcm_s16le",
    "bitrate": 256000.0,
    "samplerate": 16000.0,
    "channels": 1.0,
    "audio_md5": "bdaaa77bfebbdf328d5dda4b4b91448b",
    "loudness": -20.009084701538086,
    "dynamic_range": 0.0,
    "temporal_centroid": 0.3538360297679901,
    "log_attack_time": -1.97419273853302,
    "filesize": 5246,
    "single_event": true,
    "hardness": 56.19940464636676,
    "depth": 66.98426550973889,
    "brightness": 36.74037418099679,
    "roughness": 35.37015063517201,
    "warmth": 57.83665747540819,
    "sharpness": 48.937875464304156,
    "boominess": 45.7737578488041,
    "reverb": false
}