{
    "duration": 0.15781250596046448,
    "lossless": 1.0,
    "codec": "pcm_s16le",
    "bitrate": 256000.0,
    "samplerate": 16000.0,
    "channels": 1.0,
    "audio_md5": "7b5e59066e13c01b6259cef47e73600a",
    "loudness": -18.954269409179688,
    "dynamic_range": 0.0,
    "temporal_centroid": 0.4381280541419983,
    "log_attack_time": -1.8037053346633911,
    "filesize": 5094,
    "single_event": true,
    "hardness": 55.449904379978676,
    "depth": 67.21902526905205,
    "brightness": 48.40556818113944,
    "roughness": 53.35434187747425,
    "warmth": 56.73139048418125,
    "sharpness": 54.315490560823605,
    "boominess": 41.513398406589715,
    "reverb": false
}