{
    "duration": 0.22418749332427979,
    "lossless": 1.0,
    "codec": "pcm_s16le",
    "bitrate": 256000.0,
    "samplerate": 16000.0,
    "channels": 1.0,
    "audio_md5": "5e6efcf5fcb77f4adf3d1a6dd10b002d",
    "loudness": -19.402009963989258,
    "dynamic_range": 0.0,
    "temporal_centroid": 0.34050124883651733,
    "log_attack_time": -1.3508551120758057,
    "filesize": 7218,
    "single_event": true,
    "hardness": 68.58455109774391,
    "depth": 36.971929210197516,
    "brightness": 77.49607604954488,
    "roughness": 71.96455010801209,
    "warmth": 29.52510143452361,
    "sharpness": 67.38804957871227,
    "boominess": 22.873246628288356,
    "reverb": false
}