{
    "duration": 0.37156251072883606,
    "lossless": 1.0,
    "codec": "pcm_s16le",
    "bitrate": 256000.0,
    "samplerate": 16000.0,
    "channels": 1.0,
    "audio_md5": "9ab95987c60d16b805fce822b0d9d2c2",
    "loudness": -18.538528442382812,
    "dynamic_range": 0.0,
    "temporal_centroid": 0.3219817876815796,
    "log_attack_time": -1.7186110019683838,
    "filesize": 11934,
    "single_event": true,
    "hardness": 70.04797439536588,
    "depth": 46.308513388644315,
    "brightness": 75.7803337462098,
    "roughness": 70.37123807779771,
    "warmth": 34.350072853212104,
    "sharpness": 66.76691229715455,
    "boominess": 30.230125668293766,
    "reverb": false
}