{
    "duration": 0.18649999797344208,
    "lossless": 1.0,
    "codec": "pcm_s16le",
    "bitrate": 256000.0,
    "samplerate": 16000.0,
    "channels": 1.0,
    "audio_md5": "13ba81b4d08b0fcb9d3283913d095306",
    "loudness": -19.891897201538086,
    "dynamic_range": 0.0,
    "temporal_centroid": 0.33397528529167175,
    "log_attack_time": -1.9533571004867554,
    "filesize": 6012,
    "single_event": true,
    "hardness": 48.377109240279566,
    "depth": 69.18155987902844,
    "brightness": 42.85041157196697,
    "roughness": 40.46146888625805,
    "warmth": 54.020963910552915,
    "sharpness": 40.519240603563695,
    "boominess": 47.55906648804114,
    "reverb": false
}