{
    "duration": 0.48399999737739563,
    "lossless": 1.0,
    "codec": "pcm_s16le",
    "bitrate": 256000.0,
    "samplerate": 16000.0,
    "channels": 1.0,
    "audio_md5": "0933f11b488f2f309a84563f4e923176",
    "loudness": -14.711176872253418,
    "dynamic_range": 0.0,
    "temporal_centroid": 0.23092147707939148,
    "log_attack_time": -1.6501214504241943,
    "filesize": 15532,
    "single_event": true,
    "hardness": 33.000843351140006,
    "depth": 63.54895902319959,
    "brightness": 25.596015350388654,
    "roughness": 0,
    "warmth": 63.11524523031753,
    "sharpness": 4.442485871084923,
    "boominess": 52.8041449953578,
    "reverb": false
}