{
    "duration": 0.8590624928474426,
    "lossless": 1.0,
    "codec": "pcm_s16le",
    "bitrate": 256000.0,
    "samplerate": 16000.0,
    "channels": 1.0,
    "audio_md5": "28ad7a6c74cb3e70304da7fce082df8f",
    "loudness": -23.671037673950195,
    "dynamic_range": 0.0,
    "temporal_centroid": 0.30788153409957886,
    "log_attack_time": -1.244764804840088,
    "filesize": 27534,
    "single_event": true,
    "hardness": 65.50610228187327,
    "depth": 30.89142036463356,
    "brightness": 73.9530560580865,
    "roughness": 70.0876664636177,
    "warmth": 33.03854112462285,
    "sharpness": 64.36749419955324,
    "boominess": 4.056287765040523,
    "reverb": false
}