{
    "duration": 0.8295000195503235,
    "lossless": 1.0,
    "codec": "pcm_s16le",
    "bitrate": 256000.0,
    "samplerate": 16000.0,
    "channels": 1.0,
    "audio_md5": "a88a3a8c10a2089e29cd844f4ddceff7",
    "loudness": -26.299236297607422,
    "dynamic_range": 0.0,
    "temporal_centroid": 0.20154042541980743,
    "log_attack_time": -1.7551369667053223,
    "filesize": 26588,
    "single_event": true,
    "hardness": 27.697444120208047,
    "depth": 74.5452681446815,
    "brightness": 15.64035007754422,
    "roughness": 30.618969270948874,
    "warmth": 60.89139183570366,
    "sharpness": 7.205038463287387,
    "boominess": 62.67905328656826,
    "reverb": false
}