{
    "duration": 0.20900000631809235,
    "lossless": 1.0,
    "codec": "pcm_s16le",
    "bitrate": 256000.0,
    "samplerate": 16000.0,
    "channels": 1.0,
    "audio_md5": "dd5e6431de2d15e400c00ba347c77381",
    "loudness": -16.448646545410156,
    "dynamic_range": 0.0,
    "temporal_centroid": 0.4079287350177765,
    "log_attack_time": -1.4046387672424316,
    "filesize": 6732,
    "single_event": true,
    "hardness": 43.95861910671559,
    "depth": 68.179746342428,
    "brightness": 34.87358179297135,
    "roughness": 0,
    "warmth": 60.21098899703327,
    "sharpness": 30.685542134132305,
    "boominess": 44.69640322127631,
    "reverb": false
}