{
    "duration": 0.23225000500679016,
    "lossless": 1.0,
    "codec": "pcm_s16le",
    "bitrate": 256000.0,
    "samplerate": 16000.0,
    "channels": 1.0,
    "audio_md5": "2011a21dfa10c289c41e8530627abf7b",
    "loudness": -8.806190490722656,
    "dynamic_range": 0.0,
    "temporal_centroid": 0.522257924079895,
    "log_attack_time": -1.3322612047195435,
    "filesize": 7476,
    "single_event": true,
    "hardness": 61.8796729815825,
    "depth": 63.226462886640306,
    "brightness": 60.69301581957098,
    "roughness": 61.814059118733866,
    "warmth": 53.942354003232865,
    "sharpness": 52.649942166295745,
    "boominess": 37.827018978660725,
    "reverb": false
}