{
    "duration": 0.4411250054836273,
    "lossless": 1.0,
    "codec": "pcm_s16le",
    "bitrate": 256000.0,
    "samplerate": 16000.0,
    "channels": 1.0,
    "audio_md5": "122d4d23e72e5c0e8e2e3858e2d71304",
    "loudness": -16.35802459716797,
    "dynamic_range": 0.0,
    "temporal_centroid": 0.24085859954357147,
    "log_attack_time": -1.6882702112197876,
    "filesize": 14160,
    "single_event": true,
    "hardness": 53.52634690587243,
    "depth": 70.49443414458439,
    "brightness": 33.110225524767245,
    "roughness": 32.026007503181916,
    "warmth": 59.21768229645721,
    "sharpness": 29.352446709617084,
    "boominess": 49.4931621885585,
    "reverb": false
}