{
    "duration": 0.20900000631809235,
    "lossless": 1.0,
    "codec": "pcm_s16le",
    "bitrate": 256000.0,
    "samplerate": 16000.0,
    "channels": 1.0,
    "audio_md5": "f3edc1e3f0f435b086ea4326312b4b0e",
    "loudness": -22.232585906982422,
    "dynamic_range": 0.0,
    "temporal_centroid": 0.2566026747226715,
    "log_attack_time": -1.8648420572280884,
    "filesize": 6732,
    "single_event": true,
    "hardness": 50.57574091281518,
    "depth": 74.03414144605266,
    "brightness": 43.742548471707764,
    "roughness": 44.022910009385775,
    "warmth": 56.418791504087494,
    "sharpness": 37.84370770491553,
    "boominess": 47.46206912878961,
    "reverb": false
}