{
    "duration": 0.20900000631809235,
    "lossless": 1.0,
    "codec": "pcm_s16le",
    "bitrate": 256000.0,
    "samplerate": 16000.0,
    "channels": 1.0,
    "audio_md5": "984c531ac28e11f53dccde8d8bea45b0",
    "loudness": -21.80779266357422,
    "dynamic_range": 0.0,
    "temporal_centroid": 0.2503555119037628,
    "log_attack_time": -1.965010643005371,
    "filesize": 6732,
    "single_event": true,
    "hardness": 59.28955538788716,
    "depth": 70.49835658065035,
    "brightness": 47.84321166207312,
    "roughness": 44.86073960796891,
    "warmth": 54.4652737854378,
    "sharpness": 42.17098467548733,
    "boominess": 44.594049182827945,
    "reverb": false
}