{
    "duration": 0.4411875009536743,
    "lossless": 1.0,
    "codec": "pcm_s16le",
    "bitrate": 256000.0,
    "samplerate": 16000.0,
    "channels": 1.0,
    "audio_md5": "8e03e17eb295fd2162a871a8e3eed90c",
    "loudness": -30.57874298095703,
    "dynamic_range": 0.0,
    "temporal_centroid": 0.1920086294412613,
    "log_attack_time": -2.237898349761963,
    "filesize": 14162,
    "single_event": true,
    "hardness": 71.13026526591881,
    "depth": 42.890748762484264,
    "brightness": 69.17858338073059,
    "roughness": 47.54698212510501,
    "warmth": 33.18741874596057,
    "sharpness": 63.94614613437037,
    "boominess": 23.24467549916224,
    "reverb": false
}