{
    "duration": 0.29750001430511475,
    "lossless": 1.0,
    "codec": "pcm_s16le",
    "bitrate": 256000.0,
    "samplerate": 16000.0,
    "channels": 1.0,
    "audio_md5": "5f73eff0d9319977e1f26635313b21ab",
    "loudness": -29.724924087524414,
    "dynamic_range": 0.0,
    "temporal_centroid": 0.2285933494567871,
    "log_attack_time": -1.910439372062683,
    "filesize": 9564,
    "single_event": true,
    "hardness": 73.76928373751161,
    "depth": 43.0591448246557,
    "brightness": 76.70860354500795,
    "roughness": 65.96938957505859,
    "warmth": 30.688241053548364,
    "sharpness": 65.2972212687029,
    "boominess": 23.592099817923465,
    "reverb": false
}