{
    "duration": 0.37156251072883606,
    "lossless": 1.0,
    "codec": "pcm_s16le",
    "bitrate": 256000.0,
    "samplerate": 16000.0,
    "channels": 1.0,
    "audio_md5": "862eb21d20f392875761f8727f25a746",
    "loudness": -26.326099395751953,
    "dynamic_range": 0.0,
    "temporal_centroid": 0.25874027609825134,
    "log_attack_time": -1.9542425870895386,
    "filesize": 11934,
    "single_event": true,
    "hardness": 73.32374397820413,
    "depth": 40.78409400743391,
    "brightness": 74.29169983397387,
    "roughness": 56.515185451478644,
    "warmth": 27.14587732901921,
    "sharpness": 65.72528006314157,
    "boominess": 7.131820485552993,
    "reverb": false
}