{
    "duration": 0.34831249713897705,
    "lossless": 1.0,
    "codec": "pcm_s16le",
    "bitrate": 256000.0,
    "samplerate": 16000.0,
    "channels": 1.0,
    "audio_md5": "161c33a8a757ff957f5f3369edd7f2e4",
    "loudness": -10.276594161987305,
    "dynamic_range": 0.0,
    "temporal_centroid": 0.3001514673233032,
    "log_attack_time": -1.4970715045928955,
    "filesize": 11190,
    "single_event": true,
    "hardness": 71.84144816577731,
    "depth": 18.014714406105035,
    "brightness": 69.01791459209551,
    "roughness": 57.771280793399015,
    "warmth": 30.087445560873963,
    "sharpness": 61.223801941496575,
    "boominess": 9.39220109305258,
    "reverb": false
}