{
    "duration": 0.1393750011920929,
    "lossless": 1.0,
    "codec": "pcm_s16le",
    "bitrate": 256000.0,
    "samplerate": 16000.0,
    "channels": 1.0,
    "audio_md5": "4d74bb7789b38592321590efc5f75be3",
    "loudness": -28.698400497436523,
    "dynamic_range": 0.0,
    "temporal_centroid": 0.46615493297576904,
    "log_attack_time": -2.6950480937957764,
    "filesize": 4504,
    "single_event": true,
    "hardness": 67.08805197891786,
    "depth": 39.33493140882278,
    "brightness": 62.13067347146894,
    "roughness": 49.02990287847949,
    "warmth": 38.4512389500117,
    "sharpness": 45.28831239891261,
    "boominess": 21.907819405225023,
    "reverb": false
}