{
    "duration": 0.1393750011920929,
    "lossless": 1.0,
    "codec": "pcm_s16le",
    "bitrate": 256000.0,
    "samplerate": 16000.0,
    "channels": 1.0,
    "audio_md5": "6f47e887b9f7d0315a19f6252b6d2078",
    "loudness": -25.846324920654297,
    "dynamic_range": 0.0,
    "temporal_centroid": 0.34568971395492554,
    "log_attack_time": -2.4983105659484863,
    "filesize": 4504,
    "single_event": true,
    "hardness": 72.82435569092917,
    "depth": 35.521747675531714,
    "brightness": 59.11088808470993,
    "roughness": 52.42709281867084,
    "warmth": 38.20059915405318,
    "sharpness": 49.533862659180734,
    "boominess": 22.227889442072723,
    "reverb": false
}