{
    "duration": 0.20900000631809235,
    "lossless": 1.0,
    "codec": "pcm_s16le",
    "bitrate": 256000.0,
    "samplerate": 16000.0,
    "channels": 1.0,
    "audio_md5": "5133e8e01dc3f57ef8d6fb0543d129d8",
    "loudness": -22.921850204467773,
    "dynamic_range": 0.0,
    "temporal_centroid": 0.237019881606102,
    "log_attack_time": -2.3181028366088867,
    "filesize": 6732,
    "single_event": true,
    "hardness": 74.5032045122561,
    "depth": 34.534588750294006,
    "brightness": 76.23693739450582,
    "roughness": 57.70083037509714,
    "warmth": 14.640249611097325,
    "sharpness": 66.90312153079927,
    "boominess": 7.646450762421306,
    "reverb": false
}