{
    "duration": 0.11612500250339508,
    "lossless": 1.0,
    "codec": "pcm_s16le",
    "bitrate": 256000.0,
    "samplerate": 16000.0,
    "channels": 1.0,
    "audio_md5": "6f50975f779a499aaa7a1737cb91f332",
    "loudness": -29.020198822021484,
    "dynamic_range": 0.0,
    "temporal_centroid": 0.47887083888053894,
    "log_attack_time": -2.3326845169067383,
    "filesize": 3760,
    "single_event": true,
    "hardness": 71.96869049116845,
    "depth": 35.00867927397523,
    "brightness": 74.64122206061624,
    "roughness": 59.03493218665092,
    "warmth": 14.141420041749477,
    "sharpness": 62.89370853381996,
    "boominess": 0.0,
    "reverb": false
}