{
    "duration": 0.20424999296665192,
    "lossless": 1.0,
    "codec": "pcm_s16le",
    "bitrate": 256000.0,
    "samplerate": 16000.0,
    "channels": 1.0,
    "audio_md5": "6da3321b0a572857a51ea502df6be555",
    "loudness": -22.644994735717773,
    "dynamic_range": 0.0,
    "temporal_centroid": 0.2602970004081726,
    "log_attack_time": -1.9704965353012085,
    "filesize": 6580,
    "single_event": true,
    "hardness": 70.48571065822924,
    "depth": 7.22959001968043,
    "brightness": 81.60304254891909,
    "roughness": 51.00830104648386,
    "warmth": 20.88152332461334,
    "sharpness": 77.1760487823388,
    "boominess": 4.752339801046247,
    "reverb": false
}