{
    "duration": 0.18581250309944153,
    "lossless": 1.0,
    "codec": "pcm_s16le",
    "bitrate": 256000.0,
    "samplerate": 16000.0,
    "channels": 1.0,
    "audio_md5": "a0c38025148cd259b5b2ad7d48d68c5e",
    "loudness": -16.233972549438477,
    "dynamic_range": 0.0,
    "temporal_centroid": 0.4284053146839142,
    "log_attack_time": -1.4983105659484863,
    "filesize": 5990,
    "single_event": true,
    "hardness": 13.51261333535389,
    "depth": 64.24962499792892,
    "brightness": 15.959775518614293,
    "roughness": 40.09171268723749,
    "warmth": 62.167491408803635,
    "sharpness": 0.0,
    "boominess": 60.03018718095214,
    "reverb": false
}