{
    "duration": 0.44087499380111694,
    "lossless": 1.0,
    "codec": "pcm_s16le",
    "bitrate": 256000.0,
    "samplerate": 16000.0,
    "channels": 1.0,
    "audio_md5": "ae60344828eb75bdc318836e546f4ac7",
    "loudness": -19.100263595581055,
    "dynamic_range": 0.0,
    "temporal_centroid": 0.18958911299705505,
    "log_attack_time": -1.8382586240768433,
    "filesize": 14152,
    "single_event": true,
    "hardness": 17.571502040262445,
    "depth": 70.61861465719488,
    "brightness": 14.899857054709543,
    "roughness": 35.84669646230166,
    "warmth": 62.187781423565426,
    "sharpness": 0.0,
    "boominess": 63.84524646221936,
    "reverb": false
}