{
    "duration": 0.4411875009536743,
    "lossless": 1.0,
    "codec": "pcm_s16le",
    "bitrate": 256000.0,
    "samplerate": 16000.0,
    "channels": 1.0,
    "audio_md5": "8b5d629c2454d205c0356cbeea16c426",
    "loudness": -20.491653442382812,
    "dynamic_range": 0.0,
    "temporal_centroid": 0.20702245831489563,
    "log_attack_time": -1.6444385051727295,
    "filesize": 14162,
    "single_event": true,
    "hardness": 23.487253274435744,
    "depth": 70.66326141422995,
    "brightness": 34.44690798638005,
    "roughness": 37.206554945051124,
    "warmth": 59.18515040830543,
    "sharpness": 9.713977459748875,
    "boominess": 59.17718889117101,
    "reverb": false
}