{
    "duration": 0.48762500286102295,
    "lossless": 1.0,
    "codec": "pcm_s16le",
    "bitrate": 256000.0,
    "samplerate": 16000.0,
    "channels": 1.0,
    "audio_md5": "579f33c8e25fc2eb7f63264add6765df",
    "loudness": -21.030305862426758,
    "dynamic_range": 0.0,
    "temporal_centroid": 0.1757010966539383,
    "log_attack_time": -1.8670117855072021,
    "filesize": 15648,
    "single_event": true,
    "hardness": 60.25788050027944,
    "depth": 6.81030399900164,
    "brightness": 82.80242528116642,
    "roughness": 64.69916745938337,
    "warmth": 17.48297849152521,
    "sharpness": 87.82972718981246,
    "boominess": 0.0,
    "reverb": false
}