{
    "duration": 0.7894999980926514,
    "lossless": 1.0,
    "codec": "pcm_s16le",
    "bitrate": 256000.0,
    "samplerate": 16000.0,
    "channels": 1.0,
    "audio_md5": "f9b2d0e4a5a33d8943932309dc8cda8f",
    "loudness": -28.043031692504883,
    "dynamic_range": 0.0,
    "temporal_centroid": 0.13378839194774628,
    "log_attack_time": -2.06237530708313,
    "filesize": 25308,
    "single_event": true,
    "hardness": 72.54572758433244,
    "depth": 44.273057919408856,
    "brightness": 66.2634134374737,
    "roughness": 59.65377742475755,
    "warmth": 37.3006708239683,
    "sharpness": 56.091553425613725,
    "boominess": 27.250629554871338,
    "reverb": false
}