{
    "duration": 0.5573124885559082,
    "lossless": 1.0,
    "codec": "pcm_s16le",
    "bitrate": 256000.0,
    "samplerate": 16000.0,
    "channels": 1.0,
    "audio_md5": "eae9493192aa0e24c7b01d607a2ba54c",
    "loudness": -18.392995834350586,
    "dynamic_range": 0.0,
    "temporal_centroid": 0.36419904232025146,
    "log_attack_time": -1.452987551689148,
    "filesize": 17878,
    "single_event": true,
    "hardness": 64.08439448727995,
    "depth": 9.759471600093278,
    "brightness": 83.64948640477238,
    "roughness": 72.74600351701687,
    "warmth": 19.325501423896036,
    "sharpness": 86.92430465070414,
    "boominess": 0.0,
    "reverb": false
}