{
    "duration": 0.3018749952316284,
    "lossless": 1.0,
    "codec": "pcm_s16le",
    "bitrate": 256000.0,
    "samplerate": 16000.0,
    "channels": 1.0,
    "audio_md5": "9f78bcd8704a924f22d926f1a206590c",
    "loudness": -22.922962188720703,
    "dynamic_range": 0.0,
    "temporal_centroid": 0.18947845697402954,
    "log_attack_time": -2.03591251373291,
    "filesize": 9704,
    "single_event": true,
    "hardness": 73.76353627807242,
    "depth": 39.416586068645,
    "brightness": 75.87359126177977,
    "roughness": 65.51696229752284,
    "warmth": 23.692224416244052,
    "sharpness": 69.0934966508473,
    "boominess": 10.808971741702912,
    "reverb": false
}