{
    "duration": 0.4411875009536743,
    "lossless": 1.0,
    "codec": "pcm_s16le",
    "bitrate": 256000.0,
    "samplerate": 16000.0,
    "channels": 1.0,
    "audio_md5": "5e034e924c8ed64f8f4a88aec78fd380",
    "loudness": -24.976518630981445,
    "dynamic_range": 0.0,
    "temporal_centroid": 0.16644354164600372,
    "log_attack_time": -1.9769855737686157,
    "filesize": 14162,
    "single_event": true,
    "hardness": 65.01924201958005,
    "depth": 36.46734873951547,
    "brightness": 57.986040550970344,
    "roughness": 50.297546451718794,
    "warmth": 40.27993902478671,
    "sharpness": 42.748712954533545,
    "boominess": 32.846165344828435,
    "reverb": false
}