{
    "duration": 0.5598750114440918,
    "lossless": 1.0,
    "codec": "pcm_s16le",
    "bitrate": 256000.0,
    "samplerate": 16000.0,
    "channels": 1.0,
    "audio_md5": "eaab0756d17442d342ec39b57d05dc83",
    "loudness": -18.05171012878418,
    "dynamic_range": 0.0,
    "temporal_centroid": 0.5826116800308228,
    "log_attack_time": -1.2425214052200317,
    "filesize": 17960,
    "single_event": true,
    "hardness": 48.85157189600554,
    "depth": 71.49868876972313,
    "brightness": 59.64277886446208,
    "roughness": 44.86060490598073,
    "warmth": 49.04455043215634,
    "sharpness": 51.89408722983177,
    "boominess": 34.670644595754894,
    "reverb": false
}