{
    "duration": 0.32493749260902405,
    "lossless": 1.0,
    "codec": "pcm_s16le",
    "bitrate": 256000.0,
    "samplerate": 16000.0,
    "channels": 1.0,
    "audio_md5": "7d4e712f2fc91dc3419ce6e71f3cb7b2",
    "loudness": -14.866652488708496,
    "dynamic_range": 0.0,
    "temporal_centroid": 0.31803807616233826,
    "log_attack_time": -1.4089101552963257,
    "filesize": 10442,
    "single_event": true,
    "hardness": 52.14248023685292,
    "depth": 70.07184569613227,
    "brightness": 30.432541995385947,
    "roughness": 28.81766325989804,
    "warmth": 58.83595325237117,
    "sharpness": 36.282179904536555,
    "boominess": 45.59678515105907,
    "reverb": false
}