{
    "duration": 0.3018124997615814,
    "lossless": 1.0,
    "codec": "pcm_s16le",
    "bitrate": 256000.0,
    "samplerate": 16000.0,
    "channels": 1.0,
    "audio_md5": "4a9a022171df1bfa2a19eb7e4c078a04",
    "loudness": -15.482410430908203,
    "dynamic_range": 0.0,
    "temporal_centroid": 0.3015366792678833,
    "log_attack_time": -1.5294941663742065,
    "filesize": 9702,
    "single_event": true,
    "hardness": 52.941868615254094,
    "depth": 71.01032070429494,
    "brightness": 30.991055443006676,
    "roughness": 0,
    "warmth": 58.87413242603425,
    "sharpness": 27.87021317199333,
    "boominess": 45.54090725701029,
    "reverb": false
}