{
    "duration": 0.20881250500679016,
    "lossless": 1.0,
    "codec": "pcm_s16le",
    "bitrate": 256000.0,
    "samplerate": 16000.0,
    "channels": 1.0,
    "audio_md5": "c3befc30f396e537ff672fdba1c83a4c",
    "loudness": -17.761587142944336,
    "dynamic_range": 0.0,
    "temporal_centroid": 0.43194741010665894,
    "log_attack_time": -1.4142452478408813,
    "filesize": 6726,
    "single_event": true,
    "hardness": 55.18698758973673,
    "depth": 68.57705011721828,
    "brightness": 32.9884627537551,
    "roughness": 0,
    "warmth": 57.92714937202,
    "sharpness": 39.327848064510896,
    "boominess": 43.55418036838729,
    "reverb": false
}