{
    "duration": 0.5764999985694885,
    "lossless": 1.0,
    "codec": "pcm_s16le",
    "bitrate": 256000.0,
    "samplerate": 16000.0,
    "channels": 1.0,
    "audio_md5": "0bba4c9d636424f1513a07722b42f5bb",
    "loudness": -17.993927001953125,
    "dynamic_range": 0.0,
    "temporal_centroid": 0.17970922589302063,
    "log_attack_time": -1.4812772274017334,
    "filesize": 18492,
    "single_event": true,
    "hardness": 48.83519082749831,
    "depth": 61.56045485673251,
    "brightness": 48.88514933337016,
    "roughness": 40.664856642887486,
    "warmth": 54.59241393201587,
    "sharpness": 43.564621864836084,
    "boominess": 42.47854864721724,
    "reverb": false
}