{
    "duration": 0.3018124997615814,
    "lossless": 1.0,
    "codec": "pcm_s16le",
    "bitrate": 256000.0,
    "samplerate": 16000.0,
    "channels": 1.0,
    "audio_md5": "336085a917f284b4be3c8b9ab6dd2d6a",
    "loudness": -14.62174129486084,
    "dynamic_range": 0.0,
    "temporal_centroid": 0.3410705029964447,
    "log_attack_time": -1.275408387184143,
    "filesize": 9702,
    "single_event": true,
    "hardness": 53.59796260876854,
    "depth": 69.6737224169608,
    "brightness": 30.828714551225787,
    "roughness": 0,
    "warmth": 59.7709843846337,
    "sharpness": 35.89269769065468,
    "boominess": 45.148239579620466,
    "reverb": false
}