{
    "duration": 0.6960625052452087,
    "lossless": 1.0,
    "codec": "pcm_s16le",
    "bitrate": 256000.0,
    "samplerate": 16000.0,
    "channels": 1.0,
    "audio_md5": "3c159f167ec1fce916d2bcc5fc24e2f0",
    "loudness": -21.687179565429688,
    "dynamic_range": 0.0,
    "temporal_centroid": 0.14991925656795502,
    "log_attack_time": -1.536550521850586,
    "filesize": 22318,
    "single_event": true,
    "hardness": 52.50981211906114,
    "depth": 64.8340671956924,
    "brightness": 51.134901204554566,
    "roughness": 40.868929355224715,
    "warmth": 52.07860861609057,
    "sharpness": 47.127896162536864,
    "boominess": 43.455882288402165,
    "reverb": false
}