{
    "duration": 0.34831249713897705,
    "lossless": 1.0,
    "codec": "pcm_s16le",
    "bitrate": 256000.0,
    "samplerate": 16000.0,
    "channels": 1.0,
    "audio_md5": "e0ebcf7fafce8a1f05932d75050f7118",
    "loudness": -20.171300888061523,
    "dynamic_range": 0.0,
    "temporal_centroid": 0.2564719319343567,
    "log_attack_time": -1.6224229335784912,
    "filesize": 11190,
    "single_event": true,
    "hardness": 67.08737943723585,
    "depth": 25.1915998763049,
    "brightness": 81.06893148592212,
    "roughness": 71.02749523709912,
    "warmth": 16.82982839433798,
    "sharpness": 74.97882203991858,
    "boominess": 2.770831111746716,
    "reverb": false
}