{
    "duration": 0.6037499904632568,
    "lossless": 1.0,
    "codec": "pcm_s16le",
    "bitrate": 256000.0,
    "samplerate": 16000.0,
    "channels": 1.0,
    "audio_md5": "0b0f1d13fa8505ca69f6393c336c78ab",
    "loudness": -18.2060604095459,
    "dynamic_range": 0.0,
    "temporal_centroid": 0.23255255818367004,
    "log_attack_time": -1.3976938724517822,
    "filesize": 19364,
    "single_event": true,
    "hardness": 30.284724058064185,
    "depth": 71.20905520472103,
    "brightness": 21.724154176424168,
    "roughness": 40.65767319227149,
    "warmth": 60.38034044503406,
    "sharpness": 14.441359366985484,
    "boominess": 59.327845550044984,
    "reverb": false
}