{
    "duration": 0.5108749866485596,
    "lossless": 1.0,
    "codec": "pcm_s16le",
    "bitrate": 256000.0,
    "samplerate": 16000.0,
    "channels": 1.0,
    "audio_md5": "d0de29a6a69d4d01c7b39a2c34150608",
    "loudness": -21.380123138427734,
    "dynamic_range": 0.0,
    "temporal_centroid": 0.12835194170475006,
    "log_attack_time": -2.0578513145446777,
    "filesize": 16392,
    "single_event": true,
    "hardness": 66.06517575303397,
    "depth": 52.048988967394536,
    "brightness": 63.993692734680884,
    "roughness": 57.00720054326665,
    "warmth": 40.528038598690884,
    "sharpness": 51.73290202570518,
    "boominess": 35.41033886381439,
    "reverb": false
}