{
    "duration": 0.2070624977350235,
    "lossless": 1.0,
    "codec": "pcm_s16le",
    "bitrate": 256000.0,
    "samplerate": 16000.0,
    "channels": 1.0,
    "audio_md5": "8b4bf526861e4c5ff2f3e0d05248245a",
    "loudness": -16.06603240966797,
    "dynamic_range": 0.0,
    "temporal_centroid": 0.458359956741333,
    "log_attack_time": -1.2626018524169922,
    "filesize": 6670,
    "single_event": true,
    "hardness": 38.02583573270731,
    "depth": 65.47867586228489,
    "brightness": 41.308587121702246,
    "roughness": 45.207139426552004,
    "warmth": 61.251287584657675,
    "sharpness": 19.47500452163508,
    "boominess": 49.33526160442281,
    "reverb": false
}