{
    "duration": 0.09287499636411667,
    "lossless": 1.0,
    "codec": "pcm_s16le",
    "bitrate": 256000.0,
    "samplerate": 16000.0,
    "channels": 1.0,
    "audio_md5": "81bf7c4c81ebdf2aabad8fe80ece9755",
    "loudness": -22.50685691833496,
    "dynamic_range": 0.0,
    "temporal_centroid": 0.5592025518417358,
    "log_attack_time": -1.838937759399414,
    "filesize": 3016,
    "single_event": true,
    "hardness": 32.34127415605106,
    "depth": 68.95515218933015,
    "brightness": 23.709105430497928,
    "roughness": 0,
    "warmth": 57.530089741077326,
    "sharpness": 24.673629360141575,
    "boominess": 60.747395991157866,
    "reverb": false
}