{
    "duration": 0.812749981880188,
    "lossless": 1.0,
    "codec": "pcm_s16le",
    "bitrate": 256000.0,
    "samplerate": 16000.0,
    "channels": 1.0,
    "audio_md5": "7ad3beb8d3dd83e6895787a6565bd1a8",
    "loudness": -21.511320114135742,
    "dynamic_range": 0.0,
    "temporal_centroid": 0.21838495135307312,
    "log_attack_time": -1.7907403707504272,
    "filesize": 26052,
    "single_event": true,
    "hardness": 34.17008074433922,
    "depth": 71.73280188753819,
    "brightness": 18.145334065561293,
    "roughness": 34.70019273858855,
    "warmth": 58.91530916993977,
    "sharpness": 7.136841277359611,
    "boominess": 60.64744909518898,
    "reverb": false
}