{
    "duration": 0.34831249713897705,
    "lossless": 1.0,
    "codec": "pcm_s16le",
    "bitrate": 256000.0,
    "samplerate": 16000.0,
    "channels": 1.0,
    "audio_md5": "f0dc55170c3e8f7b6585b9b0ef72950d",
    "loudness": -15.792319297790527,
    "dynamic_range": 0.0,
    "temporal_centroid": 0.2984457314014435,
    "log_attack_time": -1.4961445331573486,
    "filesize": 11190,
    "single_event": true,
    "hardness": 37.513194355906066,
    "depth": 72.10919852985765,
    "brightness": 22.83457025107457,
    "roughness": 36.99952295998718,
    "warmth": 61.2712721356757,
    "sharpness": 22.851779505442316,
    "boominess": 53.11023369651203,
    "reverb": false
}