{
    "duration": 0.34831249713897705,
    "lossless": 1.0,
    "codec": "pcm_s16le",
    "bitrate": 256000.0,
    "samplerate": 16000.0,
    "channels": 1.0,
    "audio_md5": "f98fd9da3ff0ab256989bac44b4a2c5a",
    "loudness": -24.367774963378906,
    "dynamic_range": 0.0,
    "temporal_centroid": 0.17243999242782593,
    "log_attack_time": -2.044555425643921,
    "filesize": 11190,
    "single_event": true,
    "hardness": 65.36176224697203,
    "depth": 54.914704500051556,
    "brightness": 60.921368935033215,
    "roughness": 54.302753641521825,
    "warmth": 42.21077261792161,
    "sharpness": 45.30798164840363,
    "boominess": 33.798237735359805,
    "reverb": false
}