{
    "duration": 0.5108749866485596,
    "lossless": 1.0,
    "codec": "pcm_s16le",
    "bitrate": 256000.0,
    "samplerate": 16000.0,
    "channels": 1.0,
    "audio_md5": "02b9028f28a483ad911ec1d97f93dcd8",
    "loudness": -26.208518981933594,
    "dynamic_range": 0.0,
    "temporal_centroid": 0.16180776059627533,
    "log_attack_time": -1.76937735080719,
    "filesize": 16392,
    "single_event": true,
    "hardness": 69.53886206934664,
    "depth": 48.73077744554655,
    "brightness": 60.48926665547752,
    "roughness": 56.50832494809188,
    "warmth": 34.72402471645117,
    "sharpness": 48.471948541611816,
    "boominess": 21.6390554494242,
    "reverb": false
}