{
    "duration": 0.2786875069141388,
    "lossless": 1.0,
    "codec": "pcm_s16le",
    "bitrate": 256000.0,
    "samplerate": 16000.0,
    "channels": 1.0,
    "audio_md5": "26c9e96e4a7f91ccbcbf85211f0f1746",
    "loudness": -23.39399528503418,
    "dynamic_range": 0.0,
    "temporal_centroid": 0.19930540025234222,
    "log_attack_time": -2.044555425643921,
    "filesize": 8962,
    "single_event": true,
    "hardness": 63.75868881475179,
    "depth": 42.949073869480145,
    "brightness": 59.70866175518782,
    "roughness": 55.163696149878305,
    "warmth": 41.21827779152565,
    "sharpness": 43.88182132124993,
    "boominess": 33.75867695519278,
    "reverb": false
}