{
    "duration": 0.3251250088214874,
    "lossless": 1.0,
    "codec": "pcm_s16le",
    "bitrate": 256000.0,
    "samplerate": 16000.0,
    "channels": 1.0,
    "audio_md5": "59cd366f9e850af7380b3f907b8532a3",
    "loudness": -23.858915328979492,
    "dynamic_range": 0.0,
    "temporal_centroid": 0.18268920481204987,
    "log_attack_time": -1.939430594444275,
    "filesize": 10448,
    "single_event": true,
    "hardness": 69.56392561331117,
    "depth": 39.0497666786807,
    "brightness": 59.479932213557454,
    "roughness": 56.81343173386885,
    "warmth": 40.79832857095059,
    "sharpness": 44.50912784084038,
    "boominess": 31.896646558824067,
    "reverb": false
}