{
    "duration": 0.3018749952316284,
    "lossless": 1.0,
    "codec": "pcm_s16le",
    "bitrate": 256000.0,
    "samplerate": 16000.0,
    "channels": 1.0,
    "audio_md5": "d38b01d7a9ac3260d9b23b50d29aa9d9",
    "loudness": -23.487478256225586,
    "dynamic_range": 0.0,
    "temporal_centroid": 0.18930727243423462,
    "log_attack_time": -2.0715670585632324,
    "filesize": 9704,
    "single_event": true,
    "hardness": 65.83221264042265,
    "depth": 43.299759323627995,
    "brightness": 61.122889598516025,
    "roughness": 55.81058178777863,
    "warmth": 42.2143650715181,
    "sharpness": 47.29786439367728,
    "boominess": 34.66351054262354,
    "reverb": false
}