{
    "duration": 0.5108749866485596,
    "lossless": 1.0,
    "codec": "pcm_s16le",
    "bitrate": 256000.0,
    "samplerate": 16000.0,
    "channels": 1.0,
    "audio_md5": "a45ef718e7c2b05a81a5bbf09b806584",
    "loudness": -22.162065505981445,
    "dynamic_range": 0.0,
    "temporal_centroid": 0.12657268345355988,
    "log_attack_time": -2.027438163757324,
    "filesize": 16392,
    "single_event": true,
    "hardness": 59.645269542190505,
    "depth": 57.27283292467383,
    "brightness": 54.590884790069964,
    "roughness": 39.488746666381104,
    "warmth": 47.8296488771676,
    "sharpness": 43.04106312183324,
    "boominess": 41.23623185179808,
    "reverb": false
}