{
    "duration": 0.2554374933242798,
    "lossless": 1.0,
    "codec": "pcm_s16le",
    "bitrate": 256000.0,
    "samplerate": 16000.0,
    "channels": 1.0,
    "audio_md5": "fccc9bb77f2b110b2c3746ab15c11bfd",
    "loudness": -15.20958137512207,
    "dynamic_range": 0.0,
    "temporal_centroid": 0.30952024459838867,
    "log_attack_time": -1.5202604532241821,
    "filesize": 8218,
    "single_event": true,
    "hardness": 54.490549167809576,
    "depth": 69.06036331610566,
    "brightness": 45.504971172889285,
    "roughness": 42.94719787654893,
    "warmth": 54.22775036543054,
    "sharpness": 49.597065287426055,
    "boominess": 42.668737976715484,
    "reverb": false
}