{
    "duration": 0.5108749866485596,
    "lossless": 1.0,
    "codec": "pcm_s16le",
    "bitrate": 256000.0,
    "samplerate": 16000.0,
    "channels": 1.0,
    "audio_md5": "c2f506c16e246ef669cb2df7c6224e02",
    "loudness": -19.944957733154297,
    "dynamic_range": 0.0,
    "temporal_centroid": 0.1716601699590683,
    "log_attack_time": -1.5218950510025024,
    "filesize": 16392,
    "single_event": true,
    "hardness": 58.45662260401801,
    "depth": 70.86023108687532,
    "brightness": 47.96940421414808,
    "roughness": 41.47612189044641,
    "warmth": 49.68637106187524,
    "sharpness": 50.71056526124144,
    "boominess": 45.34888404157496,
    "reverb": false
}