{
    "duration": 0.20900000631809235,
    "lossless": 1.0,
    "codec": "pcm_s16le",
    "bitrate": 256000.0,
    "samplerate": 16000.0,
    "channels": 1.0,
    "audio_md5": "a3a0771e9c79ca5b706e4ccd6804db81",
    "loudness": -23.369657516479492,
    "dynamic_range": 0.0,
    "temporal_centroid": 0.3284420967102051,
    "log_attack_time": -2.1180992126464844,
    "filesize": 6732,
    "single_event": true,
    "hardness": 69.60159622458531,
    "depth": 39.682815489900705,
    "brightness": 71.81007213702256,
    "roughness": 66.57770124449522,
    "warmth": 31.154290068230956,
    "sharpness": 60.76164520769481,
    "boominess": 20.840262954805674,
    "reverb": false
}