{
    "duration": 0.2173124998807907,
    "lossless": 1.0,
    "codec": "pcm_s16le",
    "bitrate": 256000.0,
    "samplerate": 16000.0,
    "channels": 1.0,
    "audio_md5": "fbeaae77828e8810bdd2a34dd2882280",
    "loudness": -19.48396110534668,
    "dynamic_range": 0.0,
    "temporal_centroid": 0.3991130292415619,
    "log_attack_time": -1.912044882774353,
    "filesize": 6998,
    "single_event": true,
    "hardness": 59.68617432617327,
    "depth": 60.99553032421893,
    "brightness": 41.25174027109214,
    "roughness": 49.985835862651975,
    "warmth": 59.230550554352035,
    "sharpness": 38.08256530500638,
    "boominess": 41.769954846081006,
    "reverb": false
}