{
    "duration": 0.1625625044107437,
    "lossless": 1.0,
    "codec": "pcm_s16le",
    "bitrate": 256000.0,
    "samplerate": 16000.0,
    "channels": 1.0,
    "audio_md5": "e8866f14a8f248508428cefd9ee04cef",
    "loudness": -20.761314392089844,
    "dynamic_range": 0.0,
    "temporal_centroid": 0.31687790155410767,
    "log_attack_time": -2.0680971145629883,
    "filesize": 5246,
    "single_event": true,
    "hardness": 60.209758736774035,
    "depth": 58.92073305458101,
    "brightness": 56.70483616116607,
    "roughness": 51.46363525647263,
    "warmth": 51.54834494761211,
    "sharpness": 51.89835195437951,
    "boominess": 39.51348588416139,
    "reverb": false
}