{
    "duration": 0.8823750019073486,
    "lossless": 1.0,
    "codec": "pcm_s16le",
    "bitrate": 256000.0,
    "samplerate": 16000.0,
    "channels": 1.0,
    "audio_md5": "8d364874fdf2a23bf6484f4f6291193c",
    "loudness": -15.25377368927002,
    "dynamic_range": 0.0,
    "temporal_centroid": 0.3119911253452301,
    "log_attack_time": -1.1864054203033447,
    "filesize": 28280,
    "single_event": true,
    "hardness": 59.566076608692896,
    "depth": 10.489981677902257,
    "brightness": 83.6016013664571,
    "roughness": 71.92130901249217,
    "warmth": 18.91773324331681,
    "sharpness": 87.25684349237426,
    "boominess": 0.0,
    "reverb": false
}