{
    "duration": 0.9056249856948853,
    "lossless": 1.0,
    "codec": "pcm_s16le",
    "bitrate": 256000.0,
    "samplerate": 16000.0,
    "channels": 1.0,
    "audio_md5": "7083402474f6e9ca4e3e520621808e58",
    "loudness": -13.521872520446777,
    "dynamic_range": 0.0,
    "temporal_centroid": 0.17844320833683014,
    "log_attack_time": -1.276337742805481,
    "filesize": 29024,
    "single_event": true,
    "hardness": 47.91915601789839,
    "depth": 5.374839534289343,
    "brightness": 79.7784523575427,
    "roughness": 0,
    "warmth": 17.974726222198502,
    "sharpness": 80.8307308247282,
    "boominess": 0.0,
    "reverb": false
}