{
    "duration": 0.6269999742507935,
    "lossless": 1.0,
    "codec": "pcm_s16le",
    "bitrate": 256000.0,
    "samplerate": 16000.0,
    "channels": 1.0,
    "audio_md5": "d0b0d62df03f8200f329df05f504265f",
    "loudness": -21.541379928588867,
    "dynamic_range": 0.0,
    "temporal_centroid": 0.1871064454317093,
    "log_attack_time": -2.0821456909179688,
    "filesize": 20108,
    "single_event": true,
    "hardness": 30.507009562391914,
    "depth": 73.34571384141215,
    "brightness": 25.347909772131835,
    "roughness": 29.462569479122028,
    "warmth": 60.012769161447174,
    "sharpness": 19.28998726951871,
    "boominess": 59.92135453880805,
    "reverb": false
}