{
    "duration": 0.2449374943971634,
    "lossless": 1.0,
    "codec": "pcm_s16le",
    "bitrate": 256000.0,
    "samplerate": 16000.0,
    "channels": 1.0,
    "audio_md5": "f25e916eac8e91d1aadb5915637c91e5",
    "loudness": -17.218454360961914,
    "dynamic_range": 0.0,
    "temporal_centroid": 0.3741084337234497,
    "log_attack_time": -1.3640878200531006,
    "filesize": 7882,
    "single_event": true,
    "hardness": 47.31235902647785,
    "depth": 68.2197934146348,
    "brightness": 31.130128730757036,
    "roughness": 32.23269939015742,
    "warmth": 58.438871452071396,
    "sharpness": 37.29523173516251,
    "boominess": 48.853443563862285,
    "reverb": false
}